definitief_punt	tellercode	status_claim	regio	stratum	sample_order	X	Y
DM_1012.6	GMRS04	geclaimd	De Moeren	OL binnen plan	39	24368.9316431327	194250.502371066
DM_1024.10	JDSR01	geclaimd	De Moeren	OL binnen plan	30	27300.4550315032	194768.069569196
DM_1037.1	JJNN16	geclaimd	De Moeren	OL binnen plan	26	27887.6810243593	194852.38704022
DM_1039.1	DCLR00	geclaimd	De Moeren	OL binnen plan	4	26352.4791105247	194010.422390591
DM_104.6	HMLE02	geclaimd	De Moeren	OL buiten plan	35	26861.9179678251	188282.554312963
DM_109.6	ATRR00	geclaimd	De Moeren	OL buiten plan	41	25031.8272796376	190196.121605227
DM_112.10	HMLE02	geclaimd	De Moeren	OL buiten plan	4	25179.355578493	189091.119948713
DM_1155.11	JLAN02	geclaimd	De Moeren	OL buiten plan	22	30378.8019484321	193284.733345534
DM_122.15	JLAN02	geclaimd	De Moeren	OL buiten plan	16	29539.5823667123	191830.277375153
DM_137.2	HMLE02	geclaimd	De Moeren	OL buiten plan	5	27938.4291714267	189953.220092359
DM_139.7	JJNN16	geclaimd	De Moeren	OL buiten plan	33	28085.4197466885	191482.701212773
DM_173.12	JDSR01	geclaimd	De Moeren	OL binnen plan	3	28280.9735129292	195899.463718618
DM_175.1.5	JDSR01	geclaimd	De Moeren	OL binnen plan	40	27323.9189380241	195260.643470296
DM_176.6	JDSR01	geclaimd	De Moeren	OL binnen plan	33	26661.1074456684	195614.49713318
DM_18	HMLE02	geclaimd	De Moeren	OL buiten plan	6	28334.1865332149	189528.424556038
DM_199.1.13	GMRS04	geclaimd	De Moeren	OL binnen plan	36	28187.2408575185	193367.273412194
DM_206.30	GMRS04	geclaimd	De Moeren	OL binnen plan	46	25072.3317450824	191792.728971647
DM_217.30	JDSR01	geclaimd	De Moeren	OL binnen plan	50	26833.3297120163	195892.021226917
DM_218.4	JDSR01	geclaimd	De Moeren	OL binnen plan	59	26331.1551929923	196326.912416668
DM_222.6	DDRT00	geclaimd	De Moeren	OL binnen plan	15	26870.6686654964	192740.328695606
DM_256.1.27	GMRS04	geclaimd	De Moeren	OL binnen plan	7	25388.2060644188	191355.460477169
DM_257.2	DDRT00	geclaimd	De Moeren	OL binnen plan	32	26938.9379138142	191943.658823018
DM_262.4	GMRS04	geclaimd	De Moeren	OL binnen plan	14	27811.3616559647	193096.825957123
DM_267.4	JLAN02	geclaimd	De Moeren	OL buiten plan	36	31103.4538872695	195128.151072274
DM_268.19	JLAN02	geclaimd	De Moeren	OL buiten plan	37	30163.7368739151	193755.270224234
DM_268.6	JLAN02	geclaimd	De Moeren	OL buiten plan	31	30746.8219569408	193832.186442135
DM_276.6	ATRR00	geclaimd	De Moeren	OL buiten plan	46	30794.0204915628	192038.316412996
DM_277.1.1	WBVS00	geclaimd	De Moeren	OL buiten plan	24	30561.3233599183	192563.403341877
DM_347.14	ATRR00	geclaimd	De Moeren	OL buiten plan	7	31138.2553095037	190879.294667273
DM_360.5	JLAN02	geclaimd	De Moeren	OL buiten plan	39	30358.1767112823	192043.604711974
DM_368.14	GMRS04	geclaimd	De Moeren	OL buiten plan	20	28415.6551227084	191550.792905836
DM_38.9	ATRR00	geclaimd	De Moeren	OL buiten plan	21	25647.1150121547	189151.508886795
DM_386.7	HMLE02	geclaimd	De Moeren	OL buiten plan	56	27161.4984088701	191356.553446967
DM_39.13	HMLE02	geclaimd	De Moeren	OL buiten plan	52	25574.9536578137	189901.74709378
DM_39.22	ATRR00	geclaimd	De Moeren	OL buiten plan	34	25963.2436362233	190129.428419587
DM_390.1	DDRT00	geclaimd	De Moeren	OL binnen plan	24	25443.89086761	190904.006906673
DM_44.45	DDRT00	geclaimd	De Moeren	OL binnen plan	19	26319.8693759519	191299.427777765
DM_44.6.2	GMRS04	geclaimd	De Moeren	OL binnen plan	41	28985.4560990766	193470.951642054
DM_5.12	JLAN02	geclaimd	De Moeren	OL buiten plan	59	31318.4047369772	193846.462706282
DM_501.19	JLAN02	geclaimd	De Moeren	OL buiten plan	50	30330.4430972989	194625.375552789
DM_501.30	JLAN02	geclaimd	De Moeren	OL buiten plan	12	30371.3310691032	195066.013746701
DM_52.1.9	ATRR00	geclaimd	De Moeren	OL buiten plan	26	29548.6622462735	190016.650641273
DM_54.9	JLAN02	geclaimd	De Moeren	OL buiten plan	14	29770.2547788653	193007.521093389
DM_570.5	HMLE02	geclaimd	De Moeren	OL buiten plan	45	26039.8456432359	188550.633168461
DM_600.5	ATRR00	geclaimd	De Moeren	OL buiten plan	42	27576.4736257617	190333.278455777
DM_602.6	ATRR00	geclaimd	De Moeren	OL buiten plan	25	27570.428809347	189706.911244775
DM_63.2	WBVS00	geclaimd	De Moeren	OL binnen plan	28	27130.0416865235	194360.856436011
DM_647.15	JJNN16	geclaimd	De Moeren	OL buiten plan	32	30979.5409133074	192857.931437545
DM_698.2	HMLE02	geclaimd	De Moeren	OL buiten plan	1	27639.4314928657	189041.850597271
DM_722.13	NRTT00	geclaimd	De Moeren	OL binnen plan	5	26740.4654033661	194724.442094168
DM_73.10	HMLE02	geclaimd	De Moeren	OL buiten plan	57	26767.1787076045	189395.71237512
DM_73.2	ATRR00	geclaimd	De Moeren	OL buiten plan	3	26477.8912527033	189131.118383392
DM_75.1.1	ATRR00	geclaimd	De Moeren	OL buiten plan	27	27888.7385449319	190661.533703312
DM_765.21	GMRS04	geclaimd	De Moeren	OL binnen plan	34	24588.8066837844	192334.690065793
DM_931.3	JDSR01	geclaimd	De Moeren	OL binnen plan	11	25032.3284823136	195725.456317136
DM_946.5	JDSR01	geclaimd	De Moeren	OL binnen plan	57	27706.3604816922	194262.128860611
DM_964.1	JDSR01	geclaimd	De Moeren	OL binnen plan	21	29012.3280362196	195545.776562402
DM_972.8	JDSR01	geclaimd	De Moeren	OL binnen plan	48	27291.7333675965	195772.85156641
Ol_10076	ETBX00	geclaimd	Oostelijke leemstreek	HOL buiten plan	261	232235.4791381	165616.857143961
Ol_10120.5	ETBX00	geclaimd	Oostelijke leemstreek	OL buiten plan	22	225768.380711855	171502.787994405
Ol_10209.19	JJNN16	geclaimd	Oostelijke leemstreek	OL binnen plan	143	206947.286495423	158054.490743195
Ol_10214.11	RPLT02	geclaimd	Oostelijke leemstreek	HOL buiten plan	19	209239.868277002	159473.082252187
Ol_1034.14	NA	reserve	Oostelijke leemstreek	OL binnen plan	179	216988.417066384	161288.233783601
Ol_10359.8	NOVN00	geclaimd	Oostelijke leemstreek	HOL buiten plan	125	201843.832971594	165666.525800823
Ol_1036.21	RPLT02	geclaimd	Oostelijke leemstreek	OL binnen plan	62	217225.859258884	160434.787431741
Ol_10653.6	ETBX00	geclaimd	Oostelijke leemstreek	HOL buiten plan	70	224224.433658808	166713.708302041
Ol_1068.12	LEVS01	geclaimd	Oostelijke leemstreek	HOL buiten plan	253	229543.30530611	163359.683038015
Ol_10715.3	RPLT02	geclaimd	Oostelijke leemstreek	HOL buiten plan	215	213295.695427739	164572.389061898
Ol_1076.10	RERS01	geclaimd	Oostelijke leemstreek	OL binnen plan	88	239897.43016568	166227.799006646
Ol_10812.1	RPLT02	geclaimd	Oostelijke leemstreek	HOL buiten plan	36	212473.195438327	159639.827629808
Ol_1094.1	LEVS01	geclaimd	Oostelijke leemstreek	HOL binnen plan	24	223321.90762789	159440.240719076
Ol_10971.1.5	ETBX00	geclaimd	Oostelijke leemstreek	OL buiten plan	43	220607.309896326	161138.630255388
Ol_11033.1	ETBX00	geclaimd	Oostelijke leemstreek	HOL buiten plan	94	221508.522341884	164892.150563945
Ol_1107.5	RPLT02	geclaimd	Oostelijke leemstreek	HOL buiten plan	10	213504.682938211	163224.149864543
Ol_11100.1.3	NOVN00	geclaimd	Oostelijke leemstreek	HOL binnen plan	103	237834.566647173	169609.949697061
Ol_1119	ETBX00	geclaimd	Oostelijke leemstreek	HOL buiten plan	2	221432.820451921	164347.77128908
Ol_1125.15	ETBX00	geclaimd	Oostelijke leemstreek	HOL binnen plan	85	220137.510752539	164236.392434354
Ol_11317	ETBX00	geclaimd	Oostelijke leemstreek	HOL buiten plan	291	223950.434298035	168290.104072034
Ol_11333.2.3	ETBX00	geclaimd	Oostelijke leemstreek	HOL buiten plan	239	214835.792647842	168372.841080751
Ol_11411	ETBX00	geclaimd	Oostelijke leemstreek	HOL buiten plan	244	227641.505169868	168684.317563729
Ol_115	RPLT02	geclaimd	Oostelijke leemstreek	OL buiten plan	13	214979.06930875	159856.17218158
Ol_11542	RPLT02	geclaimd	Oostelijke leemstreek	HOL buiten plan	137	213295.411720138	164961.216566407
Ol_116.1	RPLT02	geclaimd	Oostelijke leemstreek	HOL buiten plan	44	214246.088490864	160813.084833782
Ol_11600.7	ETBX00	geclaimd	Oostelijke leemstreek	HOL buiten plan	7	214438.763887784	168063.852396233
Ol_11694.5	LEVS01	geclaimd	Oostelijke leemstreek	HOL buiten plan	180	225374.281394943	160313.467401702
Ol_11964.4	RPLT02	geclaimd	Oostelijke leemstreek	HOL buiten plan	51	191277.749299722	161798.570657004
Ol_12037.5	ETBX00	geclaimd	Oostelijke leemstreek	HOL buiten plan	63	220817.285564263	168305.678815885
Ol_1238.5	RPLT02	geclaimd	Oostelijke leemstreek	HOL buiten plan	147	182617.030326588	165619.350754304
Ol_1241.6	FVRT02	geclaimd	Oostelijke leemstreek	HOL binnen plan	78	181443.652335513	165415.30232435
Ol_1258.4	LEVS01	geclaimd	Oostelijke leemstreek	HOL buiten plan	202	228827.929477563	164703.301387269
Ol_12609.15	LEVS01	geclaimd	Oostelijke leemstreek	OL buiten plan	11	227053.910173113	161781.820813211
Ol_12809.7	NA	reserve	Oostelijke leemstreek	OL binnen plan	166	210725.179586998	159263.298913077
Ol_12833.8	NA	reserve	Oostelijke leemstreek	HOL binnen plan	47	221662.813298463	160329.611816944
Ol_12837.16	NOVN00	geclaimd	Oostelijke leemstreek	OL buiten plan	24	216427.998410607	159253.452192415
Ol_12841.11	RPLT02	geclaimd	Oostelijke leemstreek	HOL binnen plan	106	217034.586748644	160058.058323282
Ol_12842.20	RPLT02	geclaimd	Oostelijke leemstreek	OL binnen plan	82	217813.35134647	160220.37756189
Ol_12850.10	NA	reserve	Oostelijke leemstreek	OL binnen plan	125	209024.132108737	160814.314332447
Ol_12852.2	NA	reserve	Oostelijke leemstreek	OL binnen plan	183	208066.874357681	161639.329762859
Ol_12863.6	RPLT02	geclaimd	Oostelijke leemstreek	OL buiten plan	40	211554.435277959	162737.894956759
Ol_12988	ETBX00	geclaimd	Oostelijke leemstreek	HOL binnen plan	52	220098.748398318	166792.709418974
Ol_13016.1	ETBX00	geclaimd	Oostelijke leemstreek	HOL buiten plan	21	226201.293371404	169728.473474799
Ol_13047	NOVN00	geclaimd	Oostelijke leemstreek	HOL buiten plan	177	234343.171418667	169943.577120511
Ol_13146.2	RPLT02	geclaimd	Oostelijke leemstreek	OL buiten plan	58	203987.659945141	164899.025843663
Ol_13240.1	NA	reserve	Oostelijke leemstreek	OL binnen plan	149	198407.223448881	167471.120668955
Ol_13243.7	NOVN00	geclaimd	Oostelijke leemstreek	OL binnen plan	113	197614.743884746	166960.796005467
Ol_13256.5	MRGT01	geclaimd	Oostelijke leemstreek	HOL buiten plan	151	196369.465739305	166876.334181855
Ol_1348	ETBX00	geclaimd	Oostelijke leemstreek	HOL binnen plan	17	233690.199112196	162619.342629455
Ol_13828	KDBR00	geclaimd	Oostelijke leemstreek	HOL buiten plan	106	185857.14938204	167642.101238503
Ol_139	ETBX00	geclaimd	Oostelijke leemstreek	HOL buiten plan	120	223089.511799555	166649.001603331
Ol_14245.12	ETBX00	geclaimd	Oostelijke leemstreek	HOL buiten plan	221	220187.09792018	164805.884807835
Ol_14340.13	NOVN00	geclaimd	Oostelijke leemstreek	HOL binnen plan	63	204494.284713721	161785.705264543
Ol_14436	RPLT02	geclaimd	Oostelijke leemstreek	HOL buiten plan	73	207326.884592914	161442.988779762
Ol_145.2	ETBX00	geclaimd	Oostelijke leemstreek	HOL buiten plan	160	226664.044309933	168308.923850073
Ol_14880.1	NA	reserve	Oostelijke leemstreek	OL binnen plan	206	202674.508950073	158343.520123363
Ol_14963.8	MRGT01	geclaimd	Oostelijke leemstreek	HOL buiten plan	293	193702.83885442	167537.983279117
Ol_1498.1	LEVS01	geclaimd	Oostelijke leemstreek	HOL buiten plan	209	229336.099179579	165288.156423364
Ol_1529.5	ETBX00	geclaimd	Oostelijke leemstreek	HOL buiten plan	132	224145.83815101	165435.712429006
Ol_15393.2	RPLT02	geclaimd	Oostelijke leemstreek	HOL buiten plan	189	183214.4075087	164878.845121988
Ol_15584.1	RPLT02	geclaimd	Oostelijke leemstreek	HOL buiten plan	55	206804.110563939	163331.951862158
Ol_1560.4	ETBX00	geclaimd	Oostelijke leemstreek	OL binnen plan	140	231676.482569175	166936.488321831
Ol_1561.5	ETBX00	geclaimd	Oostelijke leemstreek	OL binnen plan	48	231499.235004708	167668.618547287
Ol_15619.2	RPLT02	geclaimd	Oostelijke leemstreek	HOL buiten plan	220	210899.395421558	158527.097328155
Ol_1562.2	ETBX00	geclaimd	Oostelijke leemstreek	HOL binnen plan	56	231099.052090096	168270.279170102
Ol_15655	RPLT02	geclaimd	Oostelijke leemstreek	HOL buiten plan	136	211617.094026497	163677.262890843
Ol_1573.4	RERS01	geclaimd	Oostelijke leemstreek	OL buiten plan	54	235657.891062307	167502.901387817
Ol_1577.5	ETBX00	geclaimd	Oostelijke leemstreek	OL binnen plan	120	235453.111048813	164806.174934255
Ol_1579.18	NA	reserve	Oostelijke leemstreek	OL binnen plan	198	234488.203302502	165679.719584822
Ol_1579.7	NOVN00	geclaimd	Oostelijke leemstreek	OL binnen plan	55	234900.895457019	166048.187329666
Ol_1580.1	ETBX00	geclaimd	Oostelijke leemstreek	HOL buiten plan	232	233276.726770322	165569.665633281
Ol_1582.15	RERS01	geclaimd	Oostelijke leemstreek	HOL buiten plan	144	234121.581973459	163236.548373216
Ol_1585.1	ETBX00	geclaimd	Oostelijke leemstreek	OL binnen plan	3	233699.92734105	163464.566212285
Ol_1586.11	ETBX00	geclaimd	Oostelijke leemstreek	OL binnen plan	162	232735.480538124	163726.100952623
Ol_1587.1	ETBX00	geclaimd	Oostelijke leemstreek	OL binnen plan	76	232338.238692403	164118.728311858
Ol_1596.9	ETBX00	geclaimd	Oostelijke leemstreek	HOL binnen plan	50	232674.999396339	166948.523669225
Ol_16.1	NOVN00	geclaimd	Oostelijke leemstreek	HOL buiten plan	127	238853.803691103	170959.223618436
Ol_1609.10	LEVS01	geclaimd	Oostelijke leemstreek	HOL buiten plan	100	226258.730873472	161765.782413429
Ol_1620.4	ETBX00	geclaimd	Oostelijke leemstreek	HOL buiten plan	91	227729.122998045	170537.506519447
Ol_1624.19	RERS01	geclaimd	Oostelijke leemstreek	HOL buiten plan	279	237143.671235082	165951.336954333
Ol_16240.2	ETBX00	geclaimd	Oostelijke leemstreek	HOL buiten plan	306	215462.744369431	167264.619058245
Ol_1625.7	RERS01	geclaimd	Oostelijke leemstreek	HOL buiten plan	95	236747.891806762	165287.812410792
Ol_1626.10	RERS01	geclaimd	Oostelijke leemstreek	HOL buiten plan	35	238437.622739995	168390.159618359
Ol_1628.4	ETBX00	geclaimd	Oostelijke leemstreek	OL binnen plan	178	219138.991550459	160686.798268397
Ol_16403.1	LEVS01	geclaimd	Oostelijke leemstreek	HOL buiten plan	24	230565.613132409	163003.497210834
Ol_1649.1	ETBX00	geclaimd	Oostelijke leemstreek	HOL buiten plan	143	223909.940176799	167640.577460072
Ol_16672.4	NOVN00	geclaimd	Oostelijke leemstreek	OL binnen plan	68	216169.054657397	158288.322333782
Ol_16690	RPLT02	geclaimd	Oostelijke leemstreek	HOL binnen plan	21	180959.04900255	169982.152653371
Ol_16774.6	RPLT02	geclaimd	Oostelijke leemstreek	HOL buiten plan	225	204314.180908501	166810.330449945
Ol_1686.1	NOVN00	geclaimd	Oostelijke leemstreek	HOL buiten plan	3	239285.049362497	170630.194267448
Ol_1703.12	ETBX00	geclaimd	Oostelijke leemstreek	OL binnen plan	126	233100.104648833	167594.427132072
Ol_1703.3	ETBX00	geclaimd	Oostelijke leemstreek	HOL binnen plan	30	232702.22063669	167403.965540161
Ol_1703.40	ETBX00	geclaimd	Oostelijke leemstreek	HOL binnen plan	4	234439.940463872	167987.31760762
Ol_1739.3	ETBX00	geclaimd	Oostelijke leemstreek	HOL buiten plan	265	224649.714941575	167994.218750854
Ol_17525.1	ETBX00	geclaimd	Oostelijke leemstreek	HOL binnen plan	55	218999.554010707	162187.518792288
Ol_17628.3	LEVS01	geclaimd	Oostelijke leemstreek	OL buiten plan	35	228114.843943227	161123.301387707
Ol_1765.9	NOVN00	geclaimd	Oostelijke leemstreek	HOL binnen plan	81	197837.797954486	167367.211633069
Ol_18064.5	ETBX00	geclaimd	Oostelijke leemstreek	HOL binnen plan	11	225506.552912038	163126.80453607
Ol_18099.2	NA	reserve	Oostelijke leemstreek	OL binnen plan	186	236129.98485385	166671.708978333
Ol_18140.4	NOVN00	geclaimd	Oostelijke leemstreek	OL binnen plan	2	237566.651135884	170694.745296361
Ol_18277.5	RERS01	geclaimd	Oostelijke leemstreek	OL binnen plan	57	237527.535650348	168462.862951797
Ol_18283.20	NOVN00	geclaimd	Oostelijke leemstreek	OL binnen plan	50	235439.593179865	168568.304827884
Ol_18283.5	NA	reserve	Oostelijke leemstreek	OL binnen plan	185	234801.363568698	168166.354236504
Ol_1837.9	MRGT01	geclaimd	Oostelijke leemstreek	OL buiten plan	16	192212.24857861	167867.664344356
Ol_18690.1.4	ETBX00	geclaimd	Oostelijke leemstreek	HOL buiten plan	206	219239.986303495	166768.152237817
Ol_1883.1	MRGT01	geclaimd	Oostelijke leemstreek	HOL buiten plan	285	196086.236244552	166707.953096189
Ol_1901.4	KGDS00	geclaimd	Oostelijke leemstreek	HOL buiten plan	121	179304.874154024	169658.414290719
Ol_1903.3	KGDS00	geclaimd	Oostelijke leemstreek	HOL buiten plan	89	178497.357083672	170649.252240853
Ol_19155.13	RPLT02	geclaimd	Oostelijke leemstreek	HOL buiten plan	302	212223.679514588	165994.791820109
Ol_1923.15	MRGT01	geclaimd	Oostelijke leemstreek	HOL buiten plan	289	195839.91013971	165680.342961847
Ol_1927.11	NOVN00	geclaimd	Oostelijke leemstreek	OL binnen plan	41	199638.671737804	167374.663808767
Ol_1939.2	NA	reserve	Oostelijke leemstreek	OL binnen plan	163	197795.130666957	166630.8619535
Ol_1993.13	NOVN00	geclaimd	Oostelijke leemstreek	HOL binnen plan	71	201706.5407235	161451.135611366
Ol_1997.2	NOVN00	geclaimd	Oostelijke leemstreek	HOL buiten plan	83	198554.444488714	164950.670359733
Ol_2008.16	NA	reserve	Oostelijke leemstreek	HOL binnen plan	122	195845.505842097	162786.960675025
Ol_2008.5	NOVN00	geclaimd	Oostelijke leemstreek	HOL binnen plan	115	195472.317218728	163205.750045648
Ol_2025.4	NA	reserve	Oostelijke leemstreek	OL binnen plan	181	202613.085077723	157026.785602831
Ol_20279.4	RPLT02	geclaimd	Oostelijke leemstreek	OL binnen plan	63	216079.330636929	163440.630724179
Ol_2028.3	NOVN00	geclaimd	Oostelijke leemstreek	HOL binnen plan	105	202928.799320215	158914.012031968
Ol_20289	ETBX00	geclaimd	Oostelijke leemstreek	HOL buiten plan	16	218247.544885427	161753.914461554
Ol_2030.1	NA	reserve	Oostelijke leemstreek	OL binnen plan	184	201166.844013663	159122.087417375
Ol_2048.19	NOVN00	geclaimd	Oostelijke leemstreek	HOL binnen plan	104	201644.441147375	156555.903523402
Ol_2059.11	RPLT02	geclaimd	Oostelijke leemstreek	OL buiten plan	14	203432.340145458	165658.152186854
Ol_2060.11	NA	reserve	Oostelijke leemstreek	OL binnen plan	159	201554.073688354	164445.121591561
Ol_2063.12	NOVN00	geclaimd	Oostelijke leemstreek	OL binnen plan	12	201701.486341934	162719.373886585
Ol_20925.6	RPLT02	geclaimd	Oostelijke leemstreek	OL binnen plan	65	207840.235848565	160367.326232954
Ol_21017.10	KGDS00	geclaimd	Oostelijke leemstreek	HOL buiten plan	176	178818.245844404	169045.672015622
Ol_2137	ETBX00	geclaimd	Oostelijke leemstreek	HOL buiten plan	142	214011.599253232	168414.392235439
Ol_2155.7	MRGT01	geclaimd	Oostelijke leemstreek	HOL buiten plan	219	193915.753355229	166324.011019122
Ol_2184.10	ETBX00	geclaimd	Oostelijke leemstreek	HOL binnen plan	116	219408.560591664	161763.77693428
Ol_2214.11	RPLT02	geclaimd	Oostelijke leemstreek	OL buiten plan	42	187380.056777242	166779.382204011
Ol_2231.6	ETBX00	geclaimd	Oostelijke leemstreek	HOL buiten plan	114	213842.08754632	167208.415836559
Ol_2249	RPLT02	geclaimd	Oostelijke leemstreek	HOL buiten plan	13	204333.994603589	165708.071129062
Ol_2256	RPLT02	geclaimd	Oostelijke leemstreek	OL binnen plan	114	210429.390320241	163843.171577937
Ol_2263.1	RPLT02	geclaimd	Oostelijke leemstreek	HOL buiten plan	33	212265.919792174	167354.473703141
Ol_2267	ETBX00	geclaimd	Oostelijke leemstreek	OL binnen plan	148	215487.040824315	165641.641761787
Ol_22696	ETBX00	geclaimd	Oostelijke leemstreek	HOL buiten plan	58	215576.364094895	168334.731854155
Ol_2279.16	JJNN16	geclaimd	Oostelijke leemstreek	OL binnen plan	160	205140.850407851	159433.670913807
Ol_2303.2	NHIS00	geclaimd	Oostelijke leemstreek	HOL binnen plan	13	186654.111807281	165179.279919953
Ol_2307	NHIS00	geclaimd	Oostelijke leemstreek	HOL buiten plan	12	188391.980243612	165825.532618018
Ol_2331.3	KDBR00	geclaimd	Oostelijke leemstreek	HOL buiten plan	39	183904.462227692	167394.006408755
Ol_2358.2	NOVN00	geclaimd	Oostelijke leemstreek	HOL buiten plan	17	238936.730599445	169452.539058911
Ol_2375.1	RPLT02	geclaimd	Oostelijke leemstreek	HOL buiten plan	119	203107.411725102	166637.504019601
Ol_23905.3	ETBX00	geclaimd	Oostelijke leemstreek	OL binnen plan	37	221879.961462145	163830.600493179
Ol_2395.2	NOVN00	geclaimd	Oostelijke leemstreek	HOL binnen plan	33	201081.390224783	164489.110364921
Ol_2396.14	NOVN00	geclaimd	Oostelijke leemstreek	OL binnen plan	121	201679.259027193	163193.015777739
Ol_2406.2	NOVN00	geclaimd	Oostelijke leemstreek	HOL buiten plan	263	200517.298590954	163113.062429067
Ol_2424.15	WDST01	geclaimd	Oostelijke leemstreek	OL buiten plan	18	198676.197257025	158504.177877822
Ol_2426.16	NOVN00	geclaimd	Oostelijke leemstreek	OL binnen plan	73	205272.494937025	160194.212311437
Ol_2468.6	RPLT02	geclaimd	Oostelijke leemstreek	HOL buiten plan	150	206304.792186156	163471.316107204
Ol_2529.2	ETBX00	geclaimd	Oostelijke leemstreek	HOL binnen plan	46	220257.018292056	167309.125733076
Ol_2531.2.1	ETBX00	geclaimd	Oostelijke leemstreek	HOL binnen plan	112	220250.500276527	166317.114855533
Ol_2545.2	ETBX00	geclaimd	Oostelijke leemstreek	HOL binnen plan	61	221321.266769589	166841.125458362
Ol_2546.14	ETBX00	geclaimd	Oostelijke leemstreek	OL binnen plan	32	221160.959298623	166327.867341039
Ol_2566.13	ETBX00	geclaimd	Oostelijke leemstreek	HOL buiten plan	149	225594.961757492	169879.224022861
Ol_2569.6	ETBX00	geclaimd	Oostelijke leemstreek	HOL buiten plan	163	225174.124355013	170806.858626711
Ol_2616.1	ETBX00	geclaimd	Oostelijke leemstreek	HOL buiten plan	129	220091.187526568	160963.90793459
Ol_2773.9	RPLT02	geclaimd	Oostelijke leemstreek	HOL binnen plan	42	208353.053433606	162568.173396038
Ol_2795.5	RPLT02	geclaimd	Oostelijke leemstreek	OL buiten plan	2	203671.060331973	165122.043083684
Ol_2819.2	ETBX00	geclaimd	Oostelijke leemstreek	HOL binnen plan	1	232514.477103338	166011.38501439
Ol_290.12	KGDS00	geclaimd	Oostelijke leemstreek	HOL buiten plan	226	178426.607646849	167545.676846868
Ol_2954.5	ETBX00	geclaimd	Oostelijke leemstreek	OL binnen plan	154	233729.63259549	168081.640415495
Ol_3095.1	RERS01	geclaimd	Oostelijke leemstreek	OL buiten plan	56	238412.189055055	166127.237799228
Ol_3161.31	ETBX00	geclaimd	Oostelijke leemstreek	HOL binnen plan	34	232842.574488812	164539.04649538
Ol_3242.2	LEVS01	geclaimd	Oostelijke leemstreek	HOL buiten plan	192	228298.946137718	167090.535314314
Ol_326.1	RPLT02	geclaimd	Oostelijke leemstreek	HOL binnen plan	45	186677.507514828	162323.863745173
Ol_3295.2	ETBX00	geclaimd	Oostelijke leemstreek	HOL buiten plan	97	225363.411824371	164665.197233575
Ol_3329.8	LEVS01	geclaimd	Oostelijke leemstreek	HOL buiten plan	157	228946.614921314	167306.620960131
Ol_3422.10	WDST01	geclaimd	Oostelijke leemstreek	OL binnen plan	93	195896.583414036	163224.511990116
Ol_3539.2	NOVN00	geclaimd	Oostelijke leemstreek	HOL buiten plan	62	231304.413229028	172413.759138678
Ol_3553.4	RPLT02	geclaimd	Oostelijke leemstreek	HOL buiten plan	168	189338.640583452	164099.854118477
Ol_3631.1	RERS01	geclaimd	Oostelijke leemstreek	HOL binnen plan	101	239163.849016249	165168.186411866
Ol_3648.7	RERS01	geclaimd	Oostelijke leemstreek	OL binnen plan	1	238809.67112529	167457.725045668
Ol_3683.7	JJNN16	geclaimd	Oostelijke leemstreek	OL binnen plan	165	204303.787043154	157669.935798304
Ol_3691	JJNN16	geclaimd	Oostelijke leemstreek	HOL binnen plan	94	204420.262400737	158499.088629819
Ol_3795.8	NOVN00	geclaimd	Oostelijke leemstreek	HOL binnen plan	144	235524.005933182	170358.343883841
Ol_3798.4	NA	reserve	Oostelijke leemstreek	OL binnen plan	167	237403.315756546	170256.65276732
Ol_3799.2	NOVN00	geclaimd	Oostelijke leemstreek	HOL binnen plan	6	237946.24560247	171077.268475488
Ol_3813.27	NA	reserve	Oostelijke leemstreek	OL binnen plan	153	236605.759961225	171803.339316025
Ol_3824.15	RERS01	geclaimd	Oostelijke leemstreek	OL buiten plan	46	238649.529915522	166822.879705496
Ol_3828.2	RERS01	geclaimd	Oostelijke leemstreek	OL buiten plan	6	237379.855042655	167892.605672027
Ol_3835.5	RERS01	geclaimd	Oostelijke leemstreek	OL buiten plan	27	237888.23268257	167860.451505209
Ol_3837.9	RERS01	geclaimd	Oostelijke leemstreek	HOL binnen plan	37	237525.289906825	169251.167574497
Ol_3848	RPLT02	geclaimd	Oostelijke leemstreek	HOL binnen plan	26	206521.868148459	165802.955115043
Ol_3946.13	NHIS00	geclaimd	Oostelijke leemstreek	HOL buiten plan	4	189116.637859347	164874.233727668
Ol_3951.7	NHIS00	geclaimd	Oostelijke leemstreek	HOL buiten plan	275	187566.001784269	166190.392281216
Ol_4130.13	NA	reserve	Oostelijke leemstreek	OL binnen plan	207	184056.15539423	168394.634928513
Ol_4193	KGDS00	geclaimd	Oostelijke leemstreek	HOL buiten plan	67	178857.320070083	170010.086926359
Ol_4224.4	KGDS00	geclaimd	Oostelijke leemstreek	OL buiten plan	25	179032.055506875	167615.690023012
Ol_4229	KGDS00	geclaimd	Oostelijke leemstreek	HOL buiten plan	88	179447.996060527	168300.347407174
Ol_4285.15	NOVN00	geclaimd	Oostelijke leemstreek	HOL buiten plan	296	200934.371710151	165532.88911132
Ol_4312.1	MRGT01	geclaimd	Oostelijke leemstreek	OL buiten plan	26	193058.378928548	168169.007178776
Ol_4356.4	RPLT02	geclaimd	Oostelijke leemstreek	HOL binnen plan	125	210877.954814246	158175.394158857
Ol_4452.7	RERS01	geclaimd	Oostelijke leemstreek	OL binnen plan	72	234658.379377373	164074.852461981
Ol_4513	RPLT02	geclaimd	Oostelijke leemstreek	HOL binnen plan	7	180234.148834998	169174.666576703
Ol_463.30	RPLT02	geclaimd	Oostelijke leemstreek	HOL buiten plan	145	178188.272244935	169557.163892157
Ol_4650.4	KDBR00	geclaimd	Oostelijke leemstreek	HOL binnen plan	79	184842.846042281	166030.619231044
Ol_4657.8	RPLT02	geclaimd	Oostelijke leemstreek	OL binnen plan	136	186748.350025728	163936.833796781
Ol_4678.1	KDBR00	geclaimd	Oostelijke leemstreek	HOL buiten plan	184	185008.494663438	165554.451550351
Ol_4680	JJNN16	geclaimd	Oostelijke leemstreek	HOL buiten plan	76	207545.090704688	157716.432765397
Ol_475.20	NA	reserve	Oostelijke leemstreek	OL binnen plan	170	181758.332313463	167139.058259876
Ol_4830.7	NA	reserve	Oostelijke leemstreek	OL binnen plan	117	208509.82541623	165290.030295486
Ol_4857.7	RPLT02	geclaimd	Oostelijke leemstreek	OL binnen plan	103	189074.231593496	160123.551210635
Ol_487.21	RPLT02	geclaimd	Oostelijke leemstreek	HOL binnen plan	143	185890.830383998	167280.271254953
Ol_5083	KGDS00	geclaimd	Oostelijke leemstreek	HOL buiten plan	238	178611.438015032	168367.994916408
Ol_5150.5	JJNN16	geclaimd	Oostelijke leemstreek	HOL buiten plan	240	209118.922887376	158137.119725509
Ol_5241.21	RPLT02	geclaimd	Oostelijke leemstreek	HOL buiten plan	80	211715.583926885	164959.667868302
Ol_5258.10	MRGT01	geclaimd	Oostelijke leemstreek	OL buiten plan	29	192232.785774197	165154.685744778
Ol_5356.1	NA	reserve	Oostelijke leemstreek	OL binnen plan	139	212976.917554564	158155.180056904
Ol_5471.8	ETBX00	geclaimd	Oostelijke leemstreek	HOL buiten plan	32	219713.538226171	163229.6953206
Ol_550.4	FVRT02	geclaimd	Oostelijke leemstreek	OL binnen plan	60	181853.179036568	165037.276205138
Ol_5570.4	KGDS00	geclaimd	Oostelijke leemstreek	HOL binnen plan	65	180092.771565102	169687.865950667
Ol_5614	RPLT02	geclaimd	Oostelijke leemstreek	HOL buiten plan	158	179532.799417757	169059.936855647
Ol_5663.9	RPLT02	geclaimd	Oostelijke leemstreek	OL binnen plan	28	190107.178486415	163127.359580237
Ol_5665.16	MRGT01	geclaimd	Oostelijke leemstreek	HOL buiten plan	277	190764.695765475	163216.407475118
Ol_5672	NOVN00	geclaimd	Oostelijke leemstreek	HOL binnen plan	87	196108.545771206	161899.631295145
Ol_5673.5	WDST01	geclaimd	Oostelijke leemstreek	HOL binnen plan	25	195215.876938817	162368.135693979
Ol_5685.19	WDST01	geclaimd	Oostelijke leemstreek	HOL buiten plan	61	197907.273102718	160067.876250903
Ol_5687.8	WDST01	geclaimd	Oostelijke leemstreek	OL binnen plan	102	199332.915984696	162129.368695784
Ol_5690.10	NA	reserve	Oostelijke leemstreek	OL binnen plan	156	199636.115032802	166911.500369928
Ol_5702.16	NOVN00	geclaimd	Oostelijke leemstreek	OL buiten plan	55	206447.836187391	162528.179145653
Ol_5714.1	RPLT02	geclaimd	Oostelijke leemstreek	HOL buiten plan	78	205736.983128328	165935.487957464
Ol_5737.5	NA	reserve	Oostelijke leemstreek	OL binnen plan	187	206267.749402127	158850.626609652
Ol_5740.2	NOVN00	geclaimd	Oostelijke leemstreek	HOL buiten plan	161	203466.239787961	162726.791543246
Ol_5801.15	NOVN00	geclaimd	Oostelijke leemstreek	HOL buiten plan	283	233257.854000748	165062.004008693
Ol_5806	ETBX00	geclaimd	Oostelijke leemstreek	OL buiten plan	32	218727.428630757	164197.739763345
Ol_5810.1.10	ETBX00	geclaimd	Oostelijke leemstreek	OL buiten plan	44	233910.718271508	165833.661652435
Ol_5810.1.20	ETBX00	geclaimd	Oostelijke leemstreek	HOL binnen plan	131	234349.634179055	166083.08646587
Ol_5811.14	RPLT02	geclaimd	Oostelijke leemstreek	HOL buiten plan	14	211644.890324702	162294.909243708
Ol_5816.1	NA	reserve	Oostelijke leemstreek	OL binnen plan	127	210817.11819827	163259.449974255
Ol_5817.11	RPLT02	geclaimd	Oostelijke leemstreek	OL binnen plan	99	210297.859915882	162923.082149536
Ol_5821.5	RPLT02	geclaimd	Oostelijke leemstreek	HOL buiten plan	86	213350.879820807	166512.604316737
Ol_5823.6	RPLT02	geclaimd	Oostelijke leemstreek	OL binnen plan	116	210713.745516789	162779.315458688
Ol_5833.6	ETBX00	geclaimd	Oostelijke leemstreek	HOL buiten plan	140	213512.345562427	168476.061174807
Ol_5861.15	ETBX00	geclaimd	Oostelijke leemstreek	HOL buiten plan	130	215704.658350662	166155.254400116
Ol_593.11	RPLT02	geclaimd	Oostelijke leemstreek	OL binnen plan	42	185327.397779354	164842.747561283
Ol_5930.8	RPLT02	geclaimd	Oostelijke leemstreek	OL binnen plan	19	208507.966017395	160182.333188328
Ol_5931.1	RPLT02	geclaimd	Oostelijke leemstreek	HOL binnen plan	141	209433.547037212	160307.376785625
Ol_5971.17	JJNN16	geclaimd	Oostelijke leemstreek	HOL binnen plan	62	204945.155262636	158377.893267142
Ol_5977.3	JJNN16	geclaimd	Oostelijke leemstreek	HOL binnen plan	145	206630.843639826	155798.401479889
Ol_5980.12	NOVN00	geclaimd	Oostelijke leemstreek	OL binnen plan	23	203196.263567509	161180.986031489
Ol_5981.7	NA	reserve	Oostelijke leemstreek	OL binnen plan	171	203655.090475009	161560.671971102
Ol_5983.4	NOVN00	geclaimd	Oostelijke leemstreek	OL binnen plan	40	205243.364036506	160805.427082076
Ol_5984.1	NOVN00	geclaimd	Oostelijke leemstreek	OL binnen plan	129	205042.777116361	161341.925769964
Ol_5985.11	NA	reserve	Oostelijke leemstreek	OL binnen plan	190	204565.577469282	161008.626608393
Ol_5989.15	NOVN00	geclaimd	Oostelijke leemstreek	HOL buiten plan	222	206913.065899051	162095.524388713
Ol_5989.2	NOVN00	geclaimd	Oostelijke leemstreek	OL buiten plan	21	206339.257975521	161792.634749305
Ol_6022.2	RPLT02	geclaimd	Oostelijke leemstreek	HOL buiten plan	85	206492.203226271	165329.151429813
Ol_6096.2	NOVN00	geclaimd	Oostelijke leemstreek	HOL binnen plan	27	201284.012948832	159951.11608207
Ol_6108.4	NOVN00	geclaimd	Oostelijke leemstreek	OL binnen plan	130	197275.499051957	160890.517170779
Ol_619.4	LEVS01	geclaimd	Oostelijke leemstreek	HOL buiten plan	156	226776.7122715	161055.436351321
Ol_6252.18	NA	reserve	Oostelijke leemstreek	OL binnen plan	157	201784.542544878	162204.194673381
Ol_6337.16	KDBR00	geclaimd	Oostelijke leemstreek	OL binnen plan	24	185081.121321294	167758.411701495
Ol_6341.22	NOVN00	geclaimd	Oostelijke leemstreek	OL binnen plan	15	202158.738372211	160655.444453742
Ol_6356.7	RPLT02	geclaimd	Oostelijke leemstreek	HOL binnen plan	123	215429.853722265	162523.222792668
Ol_6360.10	RPLT02	geclaimd	Oostelijke leemstreek	OL binnen plan	109	216021.081590024	164339.224755478
Ol_6418.8	RPLT02	geclaimd	Oostelijke leemstreek	HOL buiten plan	269	213174.679457379	163344.257467446
Ol_6421.7	RPLT02	geclaimd	Oostelijke leemstreek	OL buiten plan	59	211026.165265595	164661.536248879
Ol_6445.4	RPLT02	geclaimd	Oostelijke leemstreek	HOL binnen plan	117	209196.884846571	162288.74129555
Ol_6600	ETBX00	geclaimd	Oostelijke leemstreek	HOL buiten plan	154	219371.970595038	165209.319149206
Ol_6671.7	ETBX00	geclaimd	Oostelijke leemstreek	OL binnen plan	111	220609.00425763	164362.131532826
Ol_6782.3	NOVN00	geclaimd	Oostelijke leemstreek	OL binnen plan	94	203939.786295557	158294.042928078
Ol_683.2	KDBR00	geclaimd	Oostelijke leemstreek	HOL buiten plan	52	182251.606928301	168159.20875883
Ol_6935.8	RPLT02	geclaimd	Oostelijke leemstreek	HOL binnen plan	38	217098.483495648	161817.879220983
Ol_7035.6	RPLT02	geclaimd	Oostelijke leemstreek	OL binnen plan	39	186376.350391925	163958.590126608
Ol_7084.8	RERS01	geclaimd	Oostelijke leemstreek	OL binnen plan	75	235151.060673477	163770.73474063
Ol_7135.7	RPLT02	geclaimd	Oostelijke leemstreek	OL buiten plan	53	213969.83489255	163672.495335619
Ol_7143.8	RPLT02	geclaimd	Oostelijke leemstreek	OL buiten plan	23	213799.461601155	161169.155842953
Ol_7184.1	RPLT02	geclaimd	Oostelijke leemstreek	HOL buiten plan	68	215123.723234841	158853.488138897
Ol_7210.12	WDST01	geclaimd	Oostelijke leemstreek	OL binnen plan	67	198269.585361378	159730.778743755
Ol_7274.5	NOVN00	geclaimd	Oostelijke leemstreek	OL binnen plan	10	200102.487639685	165553.373420965
Ol_7408.3	WDST01	geclaimd	Oostelijke leemstreek	HOL binnen plan	39	199816.354319671	156357.058201866
Ol_7414.1.5	NA	reserve	Oostelijke leemstreek	OL binnen plan	201	199874.719632985	158288.2657853
Ol_7423.8	NA	reserve	Oostelijke leemstreek	OL binnen plan	164	202231.568481393	159947.114593136
Ol_7430.9	NOVN00	geclaimd	Oostelijke leemstreek	OL binnen plan	137	202963.197386548	159809.726628163
Ol_748.13	ETBX00	geclaimd	Oostelijke leemstreek	OL binnen plan	53	221809.51879492	162979.996169887
Ol_748.30	ETBX00	geclaimd	Oostelijke leemstreek	HOL binnen plan	98	221452.106501516	162211.265453455
Ol_749.18	ETBX00	geclaimd	Oostelijke leemstreek	OL binnen plan	52	219516.384062264	160290.64619764
Ol_7536.6	ETBX00	geclaimd	Oostelijke leemstreek	HOL buiten plan	38	213514.13085682	168159.082544954
Ol_7734	WDST01	geclaimd	Oostelijke leemstreek	HOL buiten plan	99	201304.707857306	157479.455071378
Ol_7760.4	RPLT02	geclaimd	Oostelijke leemstreek	HOL buiten plan	1	212418.656970306	162286.501815562
Ol_7768.9	RPLT02	geclaimd	Oostelijke leemstreek	HOL binnen plan	48	211480.949033421	161338.774400934
Ol_778.1	NOVN00	geclaimd	Oostelijke leemstreek	OL binnen plan	47	236655.810903357	166767.962725994
Ol_782.5	NOVN00	geclaimd	Oostelijke leemstreek	HOL binnen plan	28	235541.903247073	165814.625638812
Ol_786.9	NA	reserve	Oostelijke leemstreek	OL binnen plan	200	236423.555827442	166091.356893205
Ol_7868	JJNN16	geclaimd	Oostelijke leemstreek	OL binnen plan	172	206079.402112667	158483.715509929
Ol_7921.1.6	ETBX00	geclaimd	Oostelijke leemstreek	HOL buiten plan	174	219020.714266659	162962.221189737
Ol_7928.4	RPLT02	geclaimd	Oostelijke leemstreek	OL binnen plan	78	204980.288382392	164036.59098409
Ol_7941.5	KDBR00	geclaimd	Oostelijke leemstreek	HOL buiten plan	54	182768.031828924	168416.422642868
Ol_8128.6	MRGT01	geclaimd	Oostelijke leemstreek	HOL buiten plan	292	194514.948020271	165703.59989723
Ol_815.5	NA	reserve	Oostelijke leemstreek	HOL binnen plan	76	236174.818119747	169318.81543685
Ol_818.1	RERS01	geclaimd	Oostelijke leemstreek	OL binnen plan	89	236330.379691795	168743.706420454
Ol_8195.4	ETBX00	geclaimd	Oostelijke leemstreek	HOL buiten plan	43	217089.290733423	170002.704668977
Ol_8233	NOVN00	geclaimd	Oostelijke leemstreek	OL binnen plan	44	200047.803558761	165054.688422814
Ol_827.8	RERS01	geclaimd	Oostelijke leemstreek	OL binnen plan	100	237039.102525334	169361.27478802
Ol_8293	ETBX00	geclaimd	Oostelijke leemstreek	HOL buiten plan	246	216260.636805588	168296.181267637
Ol_8297.10	ETBX00	geclaimd	Oostelijke leemstreek	HOL buiten plan	251	217622.527899025	168645.460284721
Ol_8301.3.1	ETBX00	geclaimd	Oostelijke leemstreek	HOL buiten plan	8	219561.91606176	168747.31384579
Ol_8317.12	ETBX00	geclaimd	Oostelijke leemstreek	HOL binnen plan	127	218212.765141581	162695.891524702
Ol_8318.1	RPLT02	geclaimd	Oostelijke leemstreek	HOL buiten plan	41	214968.610172906	161562.633416749
Ol_8360.7	WDST01	geclaimd	Oostelijke leemstreek	OL binnen plan	30	198442.975686184	157864.724039111
Ol_8423.5	ETBX00	geclaimd	Oostelijke leemstreek	HOL binnen plan	118	235832.239760117	164799.141903412
Ol_8445.5	ETBX00	geclaimd	Oostelijke leemstreek	HOL buiten plan	228	231290.062743332	166252.863283087
Ol_8741.5	NOVN00	geclaimd	Oostelijke leemstreek	HOL binnen plan	14	236856.558610327	171487.086803367
Ol_8798.2	ETBX00	geclaimd	Oostelijke leemstreek	HOL buiten plan	23	223396.482666086	168501.109428357
Ol_8799.1	ETBX00	geclaimd	Oostelijke leemstreek	HOL buiten plan	122	222598.548764381	169117.057338262
Ol_8824.2	ETBX00	geclaimd	Oostelijke leemstreek	HOL buiten plan	250	222247.867231689	167271.95555786
Ol_8888.15	ETBX00	geclaimd	Oostelijke leemstreek	HOL buiten plan	229	222236.404137051	169920.422756224
Ol_8952.2	ETBX00	geclaimd	Oostelijke leemstreek	HOL buiten plan	34	218699.513249285	163712.601309747
Ol_8995.5	JJNN16	geclaimd	Oostelijke leemstreek	HOL binnen plan	110	204660.209595401	156284.56839111
Ol_9000.5	JJNN16	geclaimd	Oostelijke leemstreek	OL binnen plan	118	206722.622119048	158527.793494234
Ol_9050.2	RPLT02	geclaimd	Oostelijke leemstreek	HOL buiten plan	166	209338.673562973	161248.527578577
Ol_9053.1	RPLT02	geclaimd	Oostelijke leemstreek	HOL buiten plan	227	210039.455795002	160858.163348332
Ol_9077.8	RPLT02	geclaimd	Oostelijke leemstreek	OL binnen plan	59	210402.16138532	161727.41863485
Ol_9079.2	RPLT02	geclaimd	Oostelijke leemstreek	OL binnen plan	86	209865.835673619	163126.242487315
Ol_9185	ETBX00	geclaimd	Oostelijke leemstreek	HOL buiten plan	56	216867.564795047	166043.801494985
Ol_937.14	NOVN00	geclaimd	Oostelijke leemstreek	OL binnen plan	119	195613.980415224	161505.433590084
Ol_9473.2	RPLT02	geclaimd	Oostelijke leemstreek	HOL buiten plan	118	202842.931095604	165927.342038816
Ol_9501.1	RPLT02	geclaimd	Oostelijke leemstreek	HOL binnen plan	58	204844.989614281	164954.012541881
Ol_9534	JJNN16	geclaimd	Oostelijke leemstreek	HOL buiten plan	217	205032.589781983	155587.944002574
Ol_9539.7	NOVN00	geclaimd	Oostelijke leemstreek	OL buiten plan	34	198933.18911044	165105.973653791
Ol_9615.10	NOVN00	geclaimd	Oostelijke leemstreek	OL buiten plan	17	205629.234575381	162277.627082735
Ol_9617.9	JJNN16	geclaimd	Oostelijke leemstreek	HOL binnen plan	77	204905.372836148	158889.4016949
Ol_9635.4	RPLT02	geclaimd	Oostelijke leemstreek	HOL buiten plan	169	205039.979524044	165487.153599625
Ol_9663.13	RPLT02	geclaimd	Oostelijke leemstreek	OL binnen plan	45	209613.882436152	162379.79945662
Ol_9676.2	RPLT02	geclaimd	Oostelijke leemstreek	HOL buiten plan	172	210859.854327776	166007.456202312
Ol_9689.8	RPLT02	geclaimd	Oostelijke leemstreek	HOL buiten plan	11	211805.184693143	163154.482418582
Ol_9702.6	RPLT02	geclaimd	Oostelijke leemstreek	OL buiten plan	1	212126.653850074	163772.817597197
Ol_9793	RPLT02	geclaimd	Oostelijke leemstreek	HOL buiten plan	69	204003.825209646	167664.504656352
Ol_9797.2	RPLT02	geclaimd	Oostelijke leemstreek	OL buiten plan	4	206063.187105398	166064.090833329
Ol_9833.1	JJNN16	geclaimd	Oostelijke leemstreek	HOL buiten plan	60	207773.367158323	158266.916608031
Ol_9862.14	JJNN16	geclaimd	Oostelijke leemstreek	OL binnen plan	131	205868.048826728	160385.90145791
Ol_9942.2	RPLT02	geclaimd	Oostelijke leemstreek	HOL binnen plan	67	208669.45042992	161585.004233911
Ol_9963.2	RPLT02	geclaimd	Oostelijke leemstreek	HOL binnen plan	114	215185.14330295	164872.816853537
Ol_9976.1	NOVN00	geclaimd	Oostelijke leemstreek	OL binnen plan	16	200652.180268934	162541.407324799
Ol_9986.6	MRGT01	geclaimd	Oostelijke leemstreek	OL buiten plan	7	194627.692277974	166548.749423915
Ol_9987	RPLT02	geclaimd	Oostelijke leemstreek	HOL buiten plan	25	186059.001943304	162949.985837762
VL0003	MRGT01	geclaimd	Oostelijke leemstreek	OL buiten plan	20	189818.763701248	163476.519502483
VL0038	LEVS01	geclaimd	Oostelijke leemstreek	OL binnen plan	74	225205.586155001	158649.080644395
VL0047	LEVS01	geclaimd	Oostelijke leemstreek	OL binnen plan	84	224157.499732694	161270.674743079
VL0048	GMRS04	geclaimd	De Moeren	OL binnen plan	17	24764.1888922381	191386.010361552
VL0050	DCLR00	geclaimd	De Moeren	OL binnen plan	51	25521.0252681099	195911.05919053
VL0051	NA	reserve	Oostelijke leemstreek	OL binnen plan	188	184461.340591319	168147.891278781
VL0052	FVRT02	geclaimd	Oostelijke leemstreek	OL binnen plan	46	184132.173267737	164241.080412968
VL0053	NHIS00	geclaimd	Oostelijke leemstreek	OL binnen plan	79	186923.366422374	164620.491991589
VL0055	FVRT02	geclaimd	Oostelijke leemstreek	OL binnen plan	151	181109.389429028	164746.033588956
VL0056	FVRT02	geclaimd	Oostelijke leemstreek	OL binnen plan	106	181994.168343673	166643.992511203
VL0058	WDST01	geclaimd	Oostelijke leemstreek	OL binnen plan	66	196143.437051923	160915.660254317
VL0061	RERS01	geclaimd	Oostelijke leemstreek	OL binnen plan	144	235621.892999405	163836.241125044
VL0062	NOVN00	geclaimd	Oostelijke leemstreek	OL binnen plan	71	204287.17549279	155510.431675423
VL0063	NOVN00	geclaimd	Oostelijke leemstreek	OL binnen plan	104	206162.73470007	157367.927964935
VL0070	DDRT00	geclaimd	De Moeren	OL binnen plan	6	26327.6001145719	192944.989752897
VL0071	NA	reserve	Oostelijke leemstreek	HOL binnen plan	89	193651.500013937	164350.986984013
VL0074	RPLT02	geclaimd	Oostelijke leemstreek	OL binnen plan	83	189558.417131668	161588.653526942
VL0081	DCLR00	geclaimd	De Moeren	OL binnen plan	35	24445.0869842153	195494.085007587
VL0082	DCLR00	geclaimd	De Moeren	OL binnen plan	55	25830.5925549082	195202.311123447
VL0084	NRTT00	geclaimd	De Moeren	OL binnen plan	31	24216.999932968	194745.995245248
VL0086	NRTT00	geclaimd	De Moeren	OL binnen plan	16	24942.0720458031	192834.566744877
VL0088	DDRT00	geclaimd	De Moeren	OL binnen plan	2	25613.3830348025	192130.290601049
VL0091	HMLE02	geclaimd	De Moeren	OL buiten plan	10	24550.0725911345	189737.095634679
VL0092	NA	reserve	De Moeren	OL binnen plan	43	26263.2059695403	193319.27633278
VL0099	WBVS00	geclaimd	De Moeren	OL buiten plan	15	30042.9022108334	194410.535472408
VL0105	WBVS00	geclaimd	De Moeren	OL buiten plan	11	28889.3971136635	192753.610360064
VL0106	WBVS00	geclaimd	De Moeren	OL binnen plan	27	27855.6456287312	195492.347866468
VL0111	RERS01	geclaimd	Oostelijke leemstreek	HOL binnen plan	126	240936.362187241	167653.472316827
VL0113	RERS01	geclaimd	Oostelijke leemstreek	OL binnen plan	132	240416.508985103	167141.105166857
VL0114	RERS01	geclaimd	Oostelijke leemstreek	OL binnen plan	69	239654.191768851	167282.890050116
VL0116	RERS01	geclaimd	Oostelijke leemstreek	OL binnen plan	77	239991.199363091	167564.548392724
VL0122	RERS01	geclaimd	Oostelijke leemstreek	OL binnen plan	9	237566.581671221	164749.905756844
VL0136	LEVS01	geclaimd	Oostelijke leemstreek	HOL buiten plan	64	230917.96305338	161530.793048783
VL0141	LEVS01	geclaimd	Oostelijke leemstreek	OL buiten plan	52	230636.248948906	159438.933945134
VL0145	LEVS01	geclaimd	Oostelijke leemstreek	HOL binnen plan	49	229041.201137676	158830.837371415
VL0153	LEVS01	geclaimd	Oostelijke leemstreek	OL binnen plan	21	226630.060452652	159709.088578852
VL0154	LEVS01	geclaimd	Oostelijke leemstreek	HOL buiten plan	259	225958.625971965	159496.854948046
VL0157	LEVS01	geclaimd	Oostelijke leemstreek	OL binnen plan	20	226440.120505666	159019.344846766
VL0161	LEVS01	geclaimd	Oostelijke leemstreek	HOL binnen plan	5	225285.543522444	157776.811518718
VL0166	LEVS01	geclaimd	Oostelijke leemstreek	HOL binnen plan	142	224221.984449397	158524.609099481
VL0167	LEVS01	geclaimd	Oostelijke leemstreek	HOL buiten plan	74	224625.007618742	159212.418983775
VL0168	LEVS01	geclaimd	Oostelijke leemstreek	OL binnen plan	97	225077.98446713	159534.249196216
VL0176	NOVN00	geclaimd	Oostelijke leemstreek	HOL binnen plan	18	217470.540345364	158795.639261201
VL0178	NOVN00	geclaimd	Oostelijke leemstreek	OL binnen plan	13	217869.643336136	159561.132842327
VL0188	ETBX00	geclaimd	Oostelijke leemstreek	HOL binnen plan	108	221238.623707128	160708.150267551
VL0190	ETBX00	geclaimd	Oostelijke leemstreek	HOL buiten plan	138	222036.199339227	161095.910871474
VL0194	LEVS01	geclaimd	Oostelijke leemstreek	OL binnen plan	11	223232.220597347	160210.997941904
VL0196	ETBX00	geclaimd	Oostelijke leemstreek	OL binnen plan	150	222594.209754659	161018.749679082
VL0199	ETBX00	geclaimd	Oostelijke leemstreek	HOL binnen plan	140	223017.432892896	161452.410664576
VL0202	ETBX00	geclaimd	Oostelijke leemstreek	OL binnen plan	22	223613.048198155	161972.555714496
VL0203	ETBX00	geclaimd	Oostelijke leemstreek	OL binnen plan	180	223749.036730499	162476.935220624
VL0209	LEVS01	geclaimd	Oostelijke leemstreek	OL binnen plan	34	224674.939168651	161288.382510129
VL0217	NOVN00	geclaimd	Oostelijke leemstreek	HOL binnen plan	69	205684.409091506	156849.694882204
VL0218	NOVN00	geclaimd	Oostelijke leemstreek	OL binnen plan	176	206419.877028822	156427.569047047
VL0219	NOVN00	geclaimd	Oostelijke leemstreek	OL binnen plan	14	205891.435326245	156057.384275787
VL0226	WDST01	geclaimd	Oostelijke leemstreek	OL binnen plan	105	202929.810204197	156114.079972489
VL0238	WDST01	geclaimd	Oostelijke leemstreek	OL binnen plan	169	198767.830836914	159532.28720993
VL0244	WDST01	geclaimd	Oostelijke leemstreek	OL binnen plan	33	196794.145386001	161091.160879723
VL0252	WDST01	geclaimd	Oostelijke leemstreek	HOL buiten plan	49	196326.169475174	163788.060146093
VL0253	WDST01	geclaimd	Oostelijke leemstreek	OL binnen plan	195	196529.175008128	163089.957623925
VL0254	WDST01	geclaimd	Oostelijke leemstreek	OL binnen plan	87	197073.818721543	163648.332201042
VL0255	WDST01	geclaimd	Oostelijke leemstreek	OL binnen plan	81	197449.432716353	164207.63626843
VL0257	WDST01	geclaimd	Oostelijke leemstreek	OL binnen plan	85	197726.043712534	163617.745941112
VL0261	WDST01	geclaimd	Oostelijke leemstreek	OL binnen plan	98	198243.32922696	162484.691170773
VL0268	NOVN00	geclaimd	Oostelijke leemstreek	OL binnen plan	90	199606.897778029	163973.03104932
VL0273	MRGT01	geclaimd	Oostelijke leemstreek	OL buiten plan	33	196110.917383891	165011.706414335
VL0275	MRGT01	geclaimd	Oostelijke leemstreek	HOL binnen plan	64	194861.547345934	165093.346442331
VL0287	MRGT01	geclaimd	Oostelijke leemstreek	OL binnen plan	8	192038.354389374	163509.952662059
VL0289	RPLT02	geclaimd	Oostelijke leemstreek	OL binnen plan	141	191607.041762556	161265.49312868
VL0292	RPLT02	geclaimd	Oostelijke leemstreek	OL binnen plan	56	190330.591984564	160951.387499416
VL0294	RPLT02	geclaimd	Oostelijke leemstreek	HOL binnen plan	84	190341.089878586	162108.724441219
VL0297	RPLT02	geclaimd	Oostelijke leemstreek	HOL binnen plan	132	189025.22329703	162811.880078436
VL0299	RPLT02	geclaimd	Oostelijke leemstreek	OL binnen plan	174	188899.091918513	161251.024645681
VL0325	KDBR00	geclaimd	Oostelijke leemstreek	HOL buiten plan	53	183170.654257139	167337.928510388
VL0326	KDBR00	geclaimd	Oostelijke leemstreek	OL binnen plan	58	183923.062272816	166628.996130552
VL0330	FVRT02	geclaimd	Oostelijke leemstreek	OL binnen plan	203	184819.104973547	164667.160981121
VL0331	KGDS00	geclaimd	Oostelijke leemstreek	HOL binnen plan	120	184583.905576546	163331.857698938
VL0332	KGDS00	geclaimd	Oostelijke leemstreek	HOL binnen plan	43	184942.063822209	162933.636330443
VL0333	KGDS00	geclaimd	Oostelijke leemstreek	HOL buiten plan	98	184423.129591285	162334.851788605
VL0334	KGDS00	geclaimd	Oostelijke leemstreek	HOL buiten plan	207	183841.738386735	163302.818641208
VL0337	KGDS00	geclaimd	Oostelijke leemstreek	OL buiten plan	38	183220.028497561	161978.559124051
VL0339	FVRT02	geclaimd	Oostelijke leemstreek	HOL buiten plan	271	183589.573956173	165423.375311611
VL0343	FVRT02	geclaimd	Oostelijke leemstreek	OL binnen plan	27	182560.516696226	166716.124737246
VL0346	FVRT02	geclaimd	Oostelijke leemstreek	HOL binnen plan	57	181003.399672576	167054.304903301
VL0351	FVRT02	geclaimd	Oostelijke leemstreek	OL binnen plan	175	181622.704257336	164080.042679993
VL0355	KGDS00	geclaimd	Oostelijke leemstreek	HOL binnen plan	12	178795.132170984	166162.17738736
VL0357	KGDS00	geclaimd	Oostelijke leemstreek	HOL binnen plan	95	178386.773235493	166928.258656983
VL0363	NA	reserve	Oostelijke leemstreek	HOL binnen plan	23	185700.017106919	165269.740216013
VL0364	KGDS00	geclaimd	Oostelijke leemstreek	OL binnen plan	173	186222.582465304	162011.766612179
VL0534	DCLR00	geclaimd	De Moeren	OL binnen plan	58	24919.1344271983	195252.481120659
VL0535	DCLR00	geclaimd	De Moeren	OL binnen plan	9	25086.1479110312	194501.695758391
VL0538	NRTT00	geclaimd	De Moeren	OL binnen plan	25	24140.315841182	193718.839831457
VL0550	NRTT00	geclaimd	De Moeren	OL binnen plan	56	25235.0840357629	194137.311031761
VL0554	NRTT00	geclaimd	De Moeren	OL binnen plan	42	25652.9759241691	193103.746839822
VL0556	NOVN00	geclaimd	Oostelijke leemstreek	OL buiten plan	5	231776.98477118	171313.340656618
VL0557	NOVN00	geclaimd	Oostelijke leemstreek	OL buiten plan	30	232236.221659347	170751.000174636
VL0559	NOVN00	geclaimd	Oostelijke leemstreek	HOL buiten plan	211	231449.99354427	169513.444469418
VL0560	NOVN00	geclaimd	Oostelijke leemstreek	HOL buiten plan	194	231862.51183243	169766.040496209
VL0565	NOVN00	geclaimd	Oostelijke leemstreek	HOL buiten plan	216	232722.799983786	168167.287208649
VL0569	NOVN00	geclaimd	Oostelijke leemstreek	HOL binnen plan	54	234212.322367592	169000.823849985
VL0571	NOVN00	geclaimd	Oostelijke leemstreek	OL binnen plan	35	234788.897435422	168994.015906177
VL0573	NOVN00	geclaimd	Oostelijke leemstreek	HOL binnen plan	136	234006.460423477	170845.787273665
VL0574	NOVN00	geclaimd	Oostelijke leemstreek	HOL binnen plan	129	234577.951750725	171001.424652653
VL0575	NOVN00	geclaimd	Oostelijke leemstreek	OL binnen plan	38	234877.866771841	170333.18082103
VL0578	NOVN00	geclaimd	Oostelijke leemstreek	OL buiten plan	28	233816.206080921	171570.585718218
VL0581	NOVN00	geclaimd	Oostelijke leemstreek	HOL buiten plan	31	232765.213593036	172002.851970025
VL0584	RVNE04	geclaimd	Oostelijke leemstreek	HOL buiten plan	71	234391.25068904	172501.650804117
VL0585	NOVN00	geclaimd	Oostelijke leemstreek	OL buiten plan	10	234724.023170538	171925.599867191
VL0587	BSCX00	geclaimd	Oostelijke leemstreek	OL binnen plan	70	235358.515932412	171996.616949504
VL0590	BSCX00	geclaimd	Oostelijke leemstreek	OL binnen plan	134	236374.33759002	172267.531556452
VL0604	NOVN00	geclaimd	Oostelijke leemstreek	HOL buiten plan	109	230875.397827349	172021.215052681
VL0605	NOVN00	geclaimd	Oostelijke leemstreek	HOL buiten plan	128	230460.576877234	170768.77144999
VL0619	LWNS03	geclaimd	Oostelijke leemstreek	OL binnen plan	4	237109.100242036	172292.886893339
VL0622	LWNS03	geclaimd	Oostelijke leemstreek	OL binnen plan	168	238331.785666201	171875.422827352
VL0624	LWNS03	geclaimd	Oostelijke leemstreek	HOL binnen plan	70	238910.943616154	171959.942059012
