definitief_punt,tellercode,status_claim,regio,stratum,sample_order,X,Y
VL0088,DDRT00,geclaimd,De Moeren,OL binnen plan,2,25613.383034802464,192130.29060104862
DM_173.12,JDSR01,geclaimd,De Moeren,OL binnen plan,3,28280.97351292917,195899.46371861832
DM_1039.1,DCLR00,geclaimd,De Moeren,OL binnen plan,4,26352.47911052471,194010.4223905913
DM_722.13,NRTT00,geclaimd,De Moeren,OL binnen plan,5,26740.465403366055,194724.44209416767
VL0070,DDRT00,geclaimd,De Moeren,OL binnen plan,6,26327.60011457189,192944.98975289706
DM_256.1.27,GMRS04,geclaimd,De Moeren,OL binnen plan,7,25388.2060644188,191355.46047716864
VL0535,DCLR00,geclaimd,De Moeren,OL binnen plan,9,25086.147911031192,194501.69575839117
DM_931.3,JDSR01,geclaimd,De Moeren,OL binnen plan,11,25032.328482313635,195725.45631713612
DM_262.4,GMRS04,geclaimd,De Moeren,OL binnen plan,14,27811.361655964658,193096.82595712267
DM_222.6,DDRT00,geclaimd,De Moeren,OL binnen plan,15,26870.668665496385,192740.3286956058
VL0086,NRTT00,geclaimd,De Moeren,OL binnen plan,16,24942.072045803143,192834.56674487703
VL0048,GMRS04,geclaimd,De Moeren,OL binnen plan,17,24764.18889223806,191386.01036155224
DM_44.45,DDRT00,geclaimd,De Moeren,OL binnen plan,19,26319.869375951886,191299.427777765
DM_964.1,JDSR01,geclaimd,De Moeren,OL binnen plan,21,29012.328036219595,195545.77656240188
DM_390.1,DDRT00,geclaimd,De Moeren,OL binnen plan,24,25443.89086760997,190904.00690667334
VL0538,NRTT00,geclaimd,De Moeren,OL binnen plan,25,24140.315841181975,193718.83983145747
DM_1037.1,JJNN16,geclaimd,De Moeren,OL binnen plan,26,27887.68102435926,194852.38704022008
VL0106,WBVS00,geclaimd,De Moeren,OL binnen plan,27,27855.645628731203,195492.34786646813
DM_63.2,WBVS00,geclaimd,De Moeren,OL binnen plan,28,27130.041686523527,194360.8564360108
DM_1024.10,JDSR01,geclaimd,De Moeren,OL binnen plan,30,27300.455031503247,194768.06956919568
VL0084,NRTT00,geclaimd,De Moeren,OL binnen plan,31,24216.999932967956,194745.99524524808
DM_257.2,DDRT00,geclaimd,De Moeren,OL binnen plan,32,26938.937913814163,191943.65882301817
DM_176.6,JDSR01,geclaimd,De Moeren,OL binnen plan,33,26661.107445668422,195614.49713318038
DM_765.21,GMRS04,geclaimd,De Moeren,OL binnen plan,34,24588.806683784365,192334.6900657931
VL0081,DCLR00,geclaimd,De Moeren,OL binnen plan,35,24445.08698421529,195494.08500758745
DM_199.1.13,GMRS04,geclaimd,De Moeren,OL binnen plan,36,28187.240857518518,193367.27341219358
DM_1012.6,GMRS04,geclaimd,De Moeren,OL binnen plan,39,24368.931643132717,194250.50237106602
DM_175.1.5,JDSR01,geclaimd,De Moeren,OL binnen plan,40,27323.91893802412,195260.64347029608
DM_44.6.2,GMRS04,geclaimd,De Moeren,OL binnen plan,41,28985.456099076622,193470.95164205428
VL0554,NRTT00,geclaimd,De Moeren,OL binnen plan,42,25652.975924169077,193103.74683982227
VL0092,NA,reserve,De Moeren,OL binnen plan,43,26263.205969540315,193319.2763327798
DM_206.30,GMRS04,geclaimd,De Moeren,OL binnen plan,46,25072.331745082407,191792.72897164672
DM_972.8,JDSR01,geclaimd,De Moeren,OL binnen plan,48,27291.733367596513,195772.85156640972
DM_217.30,JDSR01,geclaimd,De Moeren,OL binnen plan,50,26833.329712016297,195892.02122691687
VL0050,DCLR00,geclaimd,De Moeren,OL binnen plan,51,25521.02526810988,195911.05919053033
VL0082,DCLR00,geclaimd,De Moeren,OL binnen plan,55,25830.59255490816,195202.31112344656
VL0550,NRTT00,geclaimd,De Moeren,OL binnen plan,56,25235.08403576289,194137.31103176065
DM_946.5,JDSR01,geclaimd,De Moeren,OL binnen plan,57,27706.360481692183,194262.1288606115
VL0534,DCLR00,geclaimd,De Moeren,OL binnen plan,58,24919.13442719831,195252.48112065904
DM_218.4,JDSR01,geclaimd,De Moeren,OL binnen plan,59,26331.155192992293,196326.9124166676
DM_698.2,HMLE02,geclaimd,De Moeren,OL buiten plan,1,27639.4314928657,189041.85059727053
DM_73.2,ATRR00,geclaimd,De Moeren,OL buiten plan,3,26477.891252703324,189131.11838339164
DM_112.10,HMLE02,geclaimd,De Moeren,OL buiten plan,4,25179.355578492978,189091.11994871325
DM_137.2,HMLE02,geclaimd,De Moeren,OL buiten plan,5,27938.429171426695,189953.2200923594
DM_18,HMLE02,geclaimd,De Moeren,OL buiten plan,6,28334.186533214946,189528.42455603773
DM_347.14,ATRR00,geclaimd,De Moeren,OL buiten plan,7,31138.255309503715,190879.2946672725
VL0091,HMLE02,geclaimd,De Moeren,OL buiten plan,10,24550.072591134493,189737.0956346793
VL0105,WBVS00,geclaimd,De Moeren,OL buiten plan,11,28889.397113663494,192753.6103600636
DM_501.30,JLAN02,geclaimd,De Moeren,OL buiten plan,12,30371.33106910318,195066.01374670112
DM_54.9,JLAN02,geclaimd,De Moeren,OL buiten plan,14,29770.254778865346,193007.52109338914
VL0099,WBVS00,geclaimd,De Moeren,OL buiten plan,15,30042.902210833447,194410.53547240794
DM_122.15,JLAN02,geclaimd,De Moeren,OL buiten plan,16,29539.582366712268,191830.2773751535
DM_368.14,GMRS04,geclaimd,De Moeren,OL buiten plan,20,28415.655122708387,191550.79290583622
DM_38.9,ATRR00,geclaimd,De Moeren,OL buiten plan,21,25647.11501215468,189151.50888679523
DM_1155.11,JLAN02,geclaimd,De Moeren,OL buiten plan,22,30378.801948432065,193284.7333455336
DM_277.1.1,WBVS00,geclaimd,De Moeren,OL buiten plan,24,30561.323359918315,192563.40334187663
DM_602.6,ATRR00,geclaimd,De Moeren,OL buiten plan,25,27570.42880934703,189706.91124477505
DM_52.1.9,ATRR00,geclaimd,De Moeren,OL buiten plan,26,29548.662246273496,190016.65064127278
DM_75.1.1,ATRR00,geclaimd,De Moeren,OL buiten plan,27,27888.738544931897,190661.53370331242
DM_268.6,JLAN02,geclaimd,De Moeren,OL buiten plan,31,30746.82195694078,193832.1864421351
DM_647.15,JJNN16,geclaimd,De Moeren,OL buiten plan,32,30979.540913307443,192857.9314375452
DM_139.7,JJNN16,geclaimd,De Moeren,OL buiten plan,33,28085.419746688545,191482.70121277298
DM_39.22,ATRR00,geclaimd,De Moeren,OL buiten plan,34,25963.243636223335,190129.4284195872
DM_104.6,HMLE02,geclaimd,De Moeren,OL buiten plan,35,26861.917967825066,188282.55431296257
DM_267.4,JLAN02,geclaimd,De Moeren,OL buiten plan,36,31103.45388726951,195128.15107227443
DM_268.19,JLAN02,geclaimd,De Moeren,OL buiten plan,37,30163.736873915077,193755.2702242343
DM_360.5,JLAN02,geclaimd,De Moeren,OL buiten plan,39,30358.17671128229,192043.60471197433
DM_109.6,ATRR00,geclaimd,De Moeren,OL buiten plan,41,25031.827279637593,190196.12160522654
DM_600.5,ATRR00,geclaimd,De Moeren,OL buiten plan,42,27576.473625761675,190333.27845577727
DM_570.5,HMLE02,geclaimd,De Moeren,OL buiten plan,45,26039.845643235883,188550.63316846115
DM_276.6,ATRR00,geclaimd,De Moeren,OL buiten plan,46,30794.020491562842,192038.31641299624
DM_501.19,JLAN02,geclaimd,De Moeren,OL buiten plan,50,30330.4430972989,194625.37555278945
DM_39.13,HMLE02,geclaimd,De Moeren,OL buiten plan,52,25574.95365781366,189901.74709378037
DM_386.7,HMLE02,geclaimd,De Moeren,OL buiten plan,56,27161.498408870088,191356.5534469668
DM_73.10,HMLE02,geclaimd,De Moeren,OL buiten plan,57,26767.178707604497,189395.71237511997
DM_5.12,JLAN02,geclaimd,De Moeren,OL buiten plan,59,31318.404736977212,193846.46270628172
Ol_2819.2,ETBX00,geclaimd,Oostelijke leemstreek,HOL binnen plan,1,232514.47710333814,166011.38501439037
Ol_1703.40,ETBX00,geclaimd,Oostelijke leemstreek,HOL binnen plan,4,234439.94046387164,167987.31760762044
VL0161,LEVS01,geclaimd,Oostelijke leemstreek,HOL binnen plan,5,225285.54352244356,157776.81151871756
Ol_3799.2,NOVN00,geclaimd,Oostelijke leemstreek,HOL binnen plan,6,237946.24560247012,171077.26847548832
Ol_4513,RPLT02,geclaimd,Oostelijke leemstreek,HOL binnen plan,7,180234.14883499822,169174.66657670293
Ol_18064.5,ETBX00,geclaimd,Oostelijke leemstreek,HOL binnen plan,11,225506.55291203797,163126.80453606963
VL0355,KGDS00,geclaimd,Oostelijke leemstreek,HOL binnen plan,12,178795.13217098426,166162.17738735955
Ol_2303.2,NHIS00,geclaimd,Oostelijke leemstreek,HOL binnen plan,13,186654.11180728066,165179.27991995262
Ol_8741.5,NOVN00,geclaimd,Oostelijke leemstreek,HOL binnen plan,14,236856.55861032743,171487.08680336672
Ol_1348,ETBX00,geclaimd,Oostelijke leemstreek,HOL binnen plan,17,233690.19911219645,162619.34262945488
VL0176,NOVN00,geclaimd,Oostelijke leemstreek,HOL binnen plan,18,217470.54034536358,158795.63926120102
Ol_16690,RPLT02,geclaimd,Oostelijke leemstreek,HOL binnen plan,21,180959.0490025496,169982.152653371
VL0363,NA,reserve,Oostelijke leemstreek,HOL binnen plan,23,185700.01710691856,165269.74021601304
Ol_1094.1,LEVS01,geclaimd,Oostelijke leemstreek,HOL binnen plan,24,223321.90762789038,159440.24071907595
Ol_5673.5,WDST01,geclaimd,Oostelijke leemstreek,HOL binnen plan,25,195215.87693881697,162368.13569397898
Ol_3848,RPLT02,geclaimd,Oostelijke leemstreek,HOL binnen plan,26,206521.8681484591,165802.95511504335
Ol_6096.2,NOVN00,geclaimd,Oostelijke leemstreek,HOL binnen plan,27,201284.0129488319,159951.1160820698
Ol_782.5,NOVN00,geclaimd,Oostelijke leemstreek,HOL binnen plan,28,235541.9032470728,165814.62563881246
Ol_1703.3,ETBX00,geclaimd,Oostelijke leemstreek,HOL binnen plan,30,232702.22063668998,167403.96554016136
Ol_2395.2,NOVN00,geclaimd,Oostelijke leemstreek,HOL binnen plan,33,201081.3902247827,164489.11036492066
Ol_3161.31,ETBX00,geclaimd,Oostelijke leemstreek,HOL binnen plan,34,232842.57448881166,164539.04649537988
Ol_3837.9,RERS01,geclaimd,Oostelijke leemstreek,HOL binnen plan,37,237525.28990682532,169251.16757449743
Ol_6935.8,RPLT02,geclaimd,Oostelijke leemstreek,HOL binnen plan,38,217098.48349564752,161817.87922098296
Ol_7408.3,WDST01,geclaimd,Oostelijke leemstreek,HOL binnen plan,39,199816.3543196707,156357.05820186593
Ol_2773.9,RPLT02,geclaimd,Oostelijke leemstreek,HOL binnen plan,42,208353.05343360553,162568.17339603833
VL0332,KGDS00,geclaimd,Oostelijke leemstreek,HOL binnen plan,43,184942.0638222094,162933.6363304425
Ol_326.1,RPLT02,geclaimd,Oostelijke leemstreek,HOL binnen plan,45,186677.50751482777,162323.86374517335
Ol_2529.2,ETBX00,geclaimd,Oostelijke leemstreek,HOL binnen plan,46,220257.0182920563,167309.1257330758
Ol_12833.8,NA,reserve,Oostelijke leemstreek,HOL binnen plan,47,221662.81329846295,160329.61181694432
Ol_7768.9,RPLT02,geclaimd,Oostelijke leemstreek,HOL binnen plan,48,211480.949033421,161338.7744009342
VL0145,LEVS01,geclaimd,Oostelijke leemstreek,HOL binnen plan,49,229041.20113767646,158830.83737141453
Ol_1596.9,ETBX00,geclaimd,Oostelijke leemstreek,HOL binnen plan,50,232674.99939633918,166948.52366922513
Ol_12988,ETBX00,geclaimd,Oostelijke leemstreek,HOL binnen plan,52,220098.748398318,166792.7094189739
VL0569,NOVN00,geclaimd,Oostelijke leemstreek,HOL binnen plan,54,234212.3223675923,169000.82384998538
Ol_17525.1,ETBX00,geclaimd,Oostelijke leemstreek,HOL binnen plan,55,218999.5540107067,162187.5187922883
Ol_1562.2,ETBX00,geclaimd,Oostelijke leemstreek,HOL binnen plan,56,231099.05209009562,168270.2791701025
VL0346,FVRT02,geclaimd,Oostelijke leemstreek,HOL binnen plan,57,181003.39967257573,167054.3049033014
Ol_9501.1,RPLT02,geclaimd,Oostelijke leemstreek,HOL binnen plan,58,204844.9896142812,164954.01254188086
Ol_2545.2,ETBX00,geclaimd,Oostelijke leemstreek,HOL binnen plan,61,221321.26676958898,166841.12545836222
Ol_5971.17,JJNN16,geclaimd,Oostelijke leemstreek,HOL binnen plan,62,204945.15526263564,158377.89326714198
Ol_14340.13,NOVN00,geclaimd,Oostelijke leemstreek,HOL binnen plan,63,204494.28471372114,161785.7052645426
VL0275,MRGT01,geclaimd,Oostelijke leemstreek,HOL binnen plan,64,194861.54734593432,165093.34644233063
Ol_5570.4,KGDS00,geclaimd,Oostelijke leemstreek,HOL binnen plan,65,180092.7715651019,169687.86595066742
Ol_9942.2,RPLT02,geclaimd,Oostelijke leemstreek,HOL binnen plan,67,208669.45042992017,161585.00423391108
VL0217,NOVN00,geclaimd,Oostelijke leemstreek,HOL binnen plan,69,205684.40909150615,156849.69488220382
VL0624,LWNS03,geclaimd,Oostelijke leemstreek,HOL binnen plan,70,238910.94361615393,171959.94205901213
Ol_1993.13,NOVN00,geclaimd,Oostelijke leemstreek,HOL binnen plan,71,201706.54072349996,161451.13561136628
Ol_815.5,NA,reserve,Oostelijke leemstreek,HOL binnen plan,76,236174.81811974652,169318.81543684987
Ol_9617.9,JJNN16,geclaimd,Oostelijke leemstreek,HOL binnen plan,77,204905.37283614796,158889.4016949002
Ol_1241.6,FVRT02,geclaimd,Oostelijke leemstreek,HOL binnen plan,78,181443.65233551315,165415.3023243499
Ol_4650.4,KDBR00,geclaimd,Oostelijke leemstreek,HOL binnen plan,79,184842.84604228142,166030.61923104385
Ol_1765.9,NOVN00,geclaimd,Oostelijke leemstreek,HOL binnen plan,81,197837.79795448628,167367.21163306857
VL0294,RPLT02,geclaimd,Oostelijke leemstreek,HOL binnen plan,84,190341.08987858612,162108.72444121912
Ol_1125.15,ETBX00,geclaimd,Oostelijke leemstreek,HOL binnen plan,85,220137.5107525391,164236.39243435403
Ol_5672,NOVN00,geclaimd,Oostelijke leemstreek,HOL binnen plan,87,196108.54577120632,161899.63129514462
VL0071,NA,reserve,Oostelijke leemstreek,HOL binnen plan,89,193651.50001393704,164350.98698401265
Ol_3691,JJNN16,geclaimd,Oostelijke leemstreek,HOL binnen plan,94,204420.26240073694,158499.08862981948
VL0357,KGDS00,geclaimd,Oostelijke leemstreek,HOL binnen plan,95,178386.7732354926,166928.25865698326
Ol_748.30,ETBX00,geclaimd,Oostelijke leemstreek,HOL binnen plan,98,221452.106501516,162211.26545345545
Ol_3631.1,RERS01,geclaimd,Oostelijke leemstreek,HOL binnen plan,101,239163.8490162495,165168.18641186613
Ol_11100.1.3,NOVN00,geclaimd,Oostelijke leemstreek,HOL binnen plan,103,237834.56664717296,169609.9496970605
Ol_2048.19,NOVN00,geclaimd,Oostelijke leemstreek,HOL binnen plan,104,201644.44114737498,156555.90352340153
Ol_2028.3,NOVN00,geclaimd,Oostelijke leemstreek,HOL binnen plan,105,202928.79932021548,158914.01203196842
Ol_12841.11,RPLT02,geclaimd,Oostelijke leemstreek,HOL binnen plan,106,217034.5867486436,160058.0583232823
VL0188,ETBX00,geclaimd,Oostelijke leemstreek,HOL binnen plan,108,221238.62370712805,160708.15026755072
Ol_8995.5,JJNN16,geclaimd,Oostelijke leemstreek,HOL binnen plan,110,204660.20959540136,156284.56839110985
Ol_2531.2.1,ETBX00,geclaimd,Oostelijke leemstreek,HOL binnen plan,112,220250.50027652684,166317.11485553294
Ol_9963.2,RPLT02,geclaimd,Oostelijke leemstreek,HOL binnen plan,114,215185.1433029496,164872.81685353693
Ol_2008.5,NOVN00,geclaimd,Oostelijke leemstreek,HOL binnen plan,115,195472.31721872793,163205.75004564782
Ol_2184.10,ETBX00,geclaimd,Oostelijke leemstreek,HOL binnen plan,116,219408.56059166382,161763.77693427977
Ol_6445.4,RPLT02,geclaimd,Oostelijke leemstreek,HOL binnen plan,117,209196.8848465711,162288.74129554952
Ol_8423.5,ETBX00,geclaimd,Oostelijke leemstreek,HOL binnen plan,118,235832.23976011717,164799.141903412
VL0331,KGDS00,geclaimd,Oostelijke leemstreek,HOL binnen plan,120,184583.9055765455,163331.85769893788
Ol_2008.16,NA,reserve,Oostelijke leemstreek,HOL binnen plan,122,195845.5058420966,162786.96067502524
Ol_6356.7,RPLT02,geclaimd,Oostelijke leemstreek,HOL binnen plan,123,215429.85372226516,162523.22279266786
Ol_4356.4,RPLT02,geclaimd,Oostelijke leemstreek,HOL binnen plan,125,210877.95481424563,158175.39415885689
VL0111,RERS01,geclaimd,Oostelijke leemstreek,HOL binnen plan,126,240936.3621872412,167653.4723168267
Ol_8317.12,ETBX00,geclaimd,Oostelijke leemstreek,HOL binnen plan,127,218212.76514158095,162695.89152470184
VL0574,NOVN00,geclaimd,Oostelijke leemstreek,HOL binnen plan,129,234577.95175072513,171001.42465265281
Ol_5810.1.20,ETBX00,geclaimd,Oostelijke leemstreek,HOL binnen plan,131,234349.63417905508,166083.08646587003
VL0297,RPLT02,geclaimd,Oostelijke leemstreek,HOL binnen plan,132,189025.22329702973,162811.88007843588
VL0573,NOVN00,geclaimd,Oostelijke leemstreek,HOL binnen plan,136,234006.46042347729,170845.78727366496
VL0199,ETBX00,geclaimd,Oostelijke leemstreek,HOL binnen plan,140,223017.43289289635,161452.4106645761
Ol_5931.1,RPLT02,geclaimd,Oostelijke leemstreek,HOL binnen plan,141,209433.54703721218,160307.3767856249
VL0166,LEVS01,geclaimd,Oostelijke leemstreek,HOL binnen plan,142,224221.9844493969,158524.60909948125
Ol_487.21,RPLT02,geclaimd,Oostelijke leemstreek,HOL binnen plan,143,185890.8303839978,167280.27125495323
Ol_3795.8,NOVN00,geclaimd,Oostelijke leemstreek,HOL binnen plan,144,235524.00593318208,170358.34388384066
Ol_5977.3,JJNN16,geclaimd,Oostelijke leemstreek,HOL binnen plan,145,206630.84363982576,155798.40147988943
Ol_7760.4,RPLT02,geclaimd,Oostelijke leemstreek,HOL buiten plan,1,212418.65697030627,162286.50181556155
Ol_1119,ETBX00,geclaimd,Oostelijke leemstreek,HOL buiten plan,2,221432.82045192126,164347.77128907986
Ol_1686.1,NOVN00,geclaimd,Oostelijke leemstreek,HOL buiten plan,3,239285.04936249676,170630.19426744798
Ol_3946.13,NHIS00,geclaimd,Oostelijke leemstreek,HOL buiten plan,4,189116.63785934693,164874.23372766792
Ol_11600.7,ETBX00,geclaimd,Oostelijke leemstreek,HOL buiten plan,7,214438.76388778424,168063.85239623277
Ol_8301.3.1,ETBX00,geclaimd,Oostelijke leemstreek,HOL buiten plan,8,219561.91606175998,168747.31384579034
Ol_1107.5,RPLT02,geclaimd,Oostelijke leemstreek,HOL buiten plan,10,213504.68293821113,163224.149864543
Ol_9689.8,RPLT02,geclaimd,Oostelijke leemstreek,HOL buiten plan,11,211805.18469314335,163154.4824185823
Ol_2307,NHIS00,geclaimd,Oostelijke leemstreek,HOL buiten plan,12,188391.98024361167,165825.53261801793
Ol_2249,RPLT02,geclaimd,Oostelijke leemstreek,HOL buiten plan,13,204333.99460358915,165708.07112906218
Ol_5811.14,RPLT02,geclaimd,Oostelijke leemstreek,HOL buiten plan,14,211644.89032470214,162294.90924370775
Ol_20289,ETBX00,geclaimd,Oostelijke leemstreek,HOL buiten plan,16,218247.54488542717,161753.91446155356
Ol_2358.2,NOVN00,geclaimd,Oostelijke leemstreek,HOL buiten plan,17,238936.7305994446,169452.53905891062
Ol_10214.11,RPLT02,geclaimd,Oostelijke leemstreek,HOL buiten plan,19,209239.8682770016,159473.0822521866
Ol_13016.1,ETBX00,geclaimd,Oostelijke leemstreek,HOL buiten plan,21,226201.2933714044,169728.47347479907
Ol_8798.2,ETBX00,geclaimd,Oostelijke leemstreek,HOL buiten plan,23,223396.48266608606,168501.1094283574
Ol_16403.1,LEVS01,geclaimd,Oostelijke leemstreek,HOL buiten plan,24,230565.61313240905,163003.49721083418
Ol_9987,RPLT02,geclaimd,Oostelijke leemstreek,HOL buiten plan,25,186059.00194330444,162949.98583776213
VL0581,NOVN00,geclaimd,Oostelijke leemstreek,HOL buiten plan,31,232765.2135930364,172002.85197002534
Ol_5471.8,ETBX00,geclaimd,Oostelijke leemstreek,HOL buiten plan,32,219713.53822617105,163229.6953206
Ol_2263.1,RPLT02,geclaimd,Oostelijke leemstreek,HOL buiten plan,33,212265.91979217404,167354.47370314144
Ol_8952.2,ETBX00,geclaimd,Oostelijke leemstreek,HOL buiten plan,34,218699.51324928497,163712.6013097473
Ol_1626.10,RERS01,geclaimd,Oostelijke leemstreek,HOL buiten plan,35,238437.6227399946,168390.15961835854
Ol_10812.1,RPLT02,geclaimd,Oostelijke leemstreek,HOL buiten plan,36,212473.19543832712,159639.827629808
Ol_7536.6,ETBX00,geclaimd,Oostelijke leemstreek,HOL buiten plan,38,213514.13085682047,168159.08254495382
Ol_2331.3,KDBR00,geclaimd,Oostelijke leemstreek,HOL buiten plan,39,183904.46222769163,167394.0064087555
Ol_8318.1,RPLT02,geclaimd,Oostelijke leemstreek,HOL buiten plan,41,214968.6101729063,161562.63341674863
Ol_8195.4,ETBX00,geclaimd,Oostelijke leemstreek,HOL buiten plan,43,217089.2907334228,170002.704668977
Ol_116.1,RPLT02,geclaimd,Oostelijke leemstreek,HOL buiten plan,44,214246.08849086397,160813.0848337824
VL0252,WDST01,geclaimd,Oostelijke leemstreek,HOL buiten plan,49,196326.16947517358,163788.06014609337
Ol_11964.4,RPLT02,geclaimd,Oostelijke leemstreek,HOL buiten plan,51,191277.74929972153,161798.57065700425
Ol_683.2,KDBR00,geclaimd,Oostelijke leemstreek,HOL buiten plan,52,182251.60692830087,168159.2087588304
VL0325,KDBR00,geclaimd,Oostelijke leemstreek,HOL buiten plan,53,183170.65425713945,167337.92851038836
Ol_7941.5,KDBR00,geclaimd,Oostelijke leemstreek,HOL buiten plan,54,182768.0318289244,168416.42264286804
Ol_15584.1,RPLT02,geclaimd,Oostelijke leemstreek,HOL buiten plan,55,206804.11056393932,163331.95186215828
Ol_9185,ETBX00,geclaimd,Oostelijke leemstreek,HOL buiten plan,56,216867.5647950474,166043.8014949853
Ol_22696,ETBX00,geclaimd,Oostelijke leemstreek,HOL buiten plan,58,215576.364094895,168334.73185415482
Ol_9833.1,JJNN16,geclaimd,Oostelijke leemstreek,HOL buiten plan,60,207773.36715832324,158266.91660803123
Ol_5685.19,WDST01,geclaimd,Oostelijke leemstreek,HOL buiten plan,61,197907.27310271777,160067.87625090318
Ol_3539.2,NOVN00,geclaimd,Oostelijke leemstreek,HOL buiten plan,62,231304.41322902823,172413.75913867826
Ol_12037.5,ETBX00,geclaimd,Oostelijke leemstreek,HOL buiten plan,63,220817.2855642627,168305.67881588524
VL0136,LEVS01,geclaimd,Oostelijke leemstreek,HOL buiten plan,64,230917.96305338008,161530.7930487832
Ol_4193,KGDS00,geclaimd,Oostelijke leemstreek,HOL buiten plan,67,178857.32007008337,170010.0869263594
Ol_7184.1,RPLT02,geclaimd,Oostelijke leemstreek,HOL buiten plan,68,215123.7232348412,158853.48813889653
Ol_9793,RPLT02,geclaimd,Oostelijke leemstreek,HOL buiten plan,69,204003.82520964596,167664.50465635248
Ol_10653.6,ETBX00,geclaimd,Oostelijke leemstreek,HOL buiten plan,70,224224.43365880768,166713.70830204105
VL0584,RVNE04,geclaimd,Oostelijke leemstreek,HOL buiten plan,71,234391.25068904046,172501.65080411732
Ol_14436,RPLT02,geclaimd,Oostelijke leemstreek,HOL buiten plan,73,207326.88459291396,161442.9887797621
VL0167,LEVS01,geclaimd,Oostelijke leemstreek,HOL buiten plan,74,224625.0076187415,159212.4189837752
Ol_4680,JJNN16,geclaimd,Oostelijke leemstreek,HOL buiten plan,76,207545.09070468802,157716.4327653969
Ol_5714.1,RPLT02,geclaimd,Oostelijke leemstreek,HOL buiten plan,78,205736.9831283284,165935.48795746366
Ol_5241.21,RPLT02,geclaimd,Oostelijke leemstreek,HOL buiten plan,80,211715.58392688492,164959.66786830174
Ol_1997.2,NOVN00,geclaimd,Oostelijke leemstreek,HOL buiten plan,83,198554.44448871363,164950.6703597334
Ol_6022.2,RPLT02,geclaimd,Oostelijke leemstreek,HOL buiten plan,85,206492.20322627053,165329.15142981277
Ol_5821.5,RPLT02,geclaimd,Oostelijke leemstreek,HOL buiten plan,86,213350.87982080688,166512.60431673675
Ol_4229,KGDS00,geclaimd,Oostelijke leemstreek,HOL buiten plan,88,179447.9960605268,168300.34740717354
Ol_1903.3,KGDS00,geclaimd,Oostelijke leemstreek,HOL buiten plan,89,178497.35708367193,170649.2522408532
Ol_1620.4,ETBX00,geclaimd,Oostelijke leemstreek,HOL buiten plan,91,227729.12299804488,170537.50651944702
Ol_11033.1,ETBX00,geclaimd,Oostelijke leemstreek,HOL buiten plan,94,221508.52234188374,164892.1505639447
Ol_1625.7,RERS01,geclaimd,Oostelijke leemstreek,HOL buiten plan,95,236747.89180676188,165287.81241079245
Ol_3295.2,ETBX00,geclaimd,Oostelijke leemstreek,HOL buiten plan,97,225363.411824371,164665.19723357484
VL0333,KGDS00,geclaimd,Oostelijke leemstreek,HOL buiten plan,98,184423.12959128513,162334.85178860463
Ol_7734,WDST01,geclaimd,Oostelijke leemstreek,HOL buiten plan,99,201304.70785730646,157479.45507137832
Ol_1609.10,LEVS01,geclaimd,Oostelijke leemstreek,HOL buiten plan,100,226258.73087347168,161765.7824134285
Ol_13828,KDBR00,geclaimd,Oostelijke leemstreek,HOL buiten plan,106,185857.1493820396,167642.1012385034
VL0604,NOVN00,geclaimd,Oostelijke leemstreek,HOL buiten plan,109,230875.3978273489,172021.21505268104
Ol_2231.6,ETBX00,geclaimd,Oostelijke leemstreek,HOL buiten plan,114,213842.08754631953,167208.41583655894
Ol_9473.2,RPLT02,geclaimd,Oostelijke leemstreek,HOL buiten plan,118,202842.9310956035,165927.342038816
Ol_2375.1,RPLT02,geclaimd,Oostelijke leemstreek,HOL buiten plan,119,203107.4117251024,166637.5040196007
Ol_139,ETBX00,geclaimd,Oostelijke leemstreek,HOL buiten plan,120,223089.51179955466,166649.00160333075
Ol_1901.4,KGDS00,geclaimd,Oostelijke leemstreek,HOL buiten plan,121,179304.8741540237,169658.41429071894
Ol_8799.1,ETBX00,geclaimd,Oostelijke leemstreek,HOL buiten plan,122,222598.54876438054,169117.0573382621
Ol_10359.8,NOVN00,geclaimd,Oostelijke leemstreek,HOL buiten plan,125,201843.8329715943,165666.5258008226
Ol_16.1,NOVN00,geclaimd,Oostelijke leemstreek,HOL buiten plan,127,238853.80369110263,170959.22361843634
VL0604,NOVN00,geclaimd,Oostelijke leemstreek,HOL buiten plan,128,230875.3978273489,172021.21505268104
Ol_2616.1,ETBX00,geclaimd,Oostelijke leemstreek,HOL buiten plan,129,220091.18752656836,160963.90793458966
Ol_5861.15,ETBX00,geclaimd,Oostelijke leemstreek,HOL buiten plan,130,215704.6583506622,166155.25440011584
Ol_1529.5,ETBX00,geclaimd,Oostelijke leemstreek,HOL buiten plan,132,224145.83815101045,165435.71242900577
Ol_15655,RPLT02,geclaimd,Oostelijke leemstreek,HOL buiten plan,136,211617.0940264971,163677.2628908427
Ol_11542,RPLT02,geclaimd,Oostelijke leemstreek,HOL buiten plan,137,213295.4117201378,164961.21656640654
VL0190,ETBX00,geclaimd,Oostelijke leemstreek,HOL buiten plan,138,222036.1993392274,161095.91087147407
Ol_5833.6,ETBX00,geclaimd,Oostelijke leemstreek,HOL buiten plan,140,213512.34556242678,168476.06117480705
Ol_2137,ETBX00,geclaimd,Oostelijke leemstreek,HOL buiten plan,142,214011.59925323233,168414.392235439
Ol_1649.1,ETBX00,geclaimd,Oostelijke leemstreek,HOL buiten plan,143,223909.94017679858,167640.5774600721
Ol_1582.15,RERS01,geclaimd,Oostelijke leemstreek,HOL buiten plan,144,234121.58197345914,163236.54837321554
Ol_463.30,RPLT02,geclaimd,Oostelijke leemstreek,HOL buiten plan,145,178188.27224493475,169557.1638921573
Ol_1238.5,RPLT02,geclaimd,Oostelijke leemstreek,HOL buiten plan,147,182617.03032658773,165619.3507543035
Ol_2566.13,ETBX00,geclaimd,Oostelijke leemstreek,HOL buiten plan,149,225594.96175749242,169879.22402286116
Ol_2468.6,RPLT02,geclaimd,Oostelijke leemstreek,HOL buiten plan,150,206304.79218615554,163471.31610720436
Ol_13256.5,MRGT01,geclaimd,Oostelijke leemstreek,HOL buiten plan,151,196369.46573930458,166876.33418185482
Ol_6600,ETBX00,geclaimd,Oostelijke leemstreek,HOL buiten plan,154,219371.97059503832,165209.31914920633
Ol_619.4,LEVS01,geclaimd,Oostelijke leemstreek,HOL buiten plan,156,226776.7122715002,161055.43635132062
Ol_3329.8,LEVS01,geclaimd,Oostelijke leemstreek,HOL buiten plan,157,228946.61492131377,167306.62096013065
Ol_5614,RPLT02,geclaimd,Oostelijke leemstreek,HOL buiten plan,158,179532.79941775685,169059.93685564675
Ol_145.2,ETBX00,geclaimd,Oostelijke leemstreek,HOL buiten plan,160,226664.0443099328,168308.92385007255
Ol_5740.2,NOVN00,geclaimd,Oostelijke leemstreek,HOL buiten plan,161,203466.23978796086,162726.79154324636
Ol_2569.6,ETBX00,geclaimd,Oostelijke leemstreek,HOL buiten plan,163,225174.12435501302,170806.85862671077
Ol_9050.2,RPLT02,geclaimd,Oostelijke leemstreek,HOL buiten plan,166,209338.6735629734,161248.527578577
Ol_3553.4,RPLT02,geclaimd,Oostelijke leemstreek,HOL buiten plan,168,189338.64058345213,164099.8541184768
Ol_9635.4,RPLT02,geclaimd,Oostelijke leemstreek,HOL buiten plan,169,205039.97952404377,165487.15359962458
Ol_9676.2,RPLT02,geclaimd,Oostelijke leemstreek,HOL buiten plan,172,210859.85432777627,166007.45620231234
Ol_7921.1.6,ETBX00,geclaimd,Oostelijke leemstreek,HOL buiten plan,174,219020.714266659,162962.221189737
Ol_21017.10,KGDS00,geclaimd,Oostelijke leemstreek,HOL buiten plan,176,178818.24584440378,169045.67201562168
Ol_13047,NOVN00,geclaimd,Oostelijke leemstreek,HOL buiten plan,177,234343.171418667,169943.57712051074
Ol_11694.5,LEVS01,geclaimd,Oostelijke leemstreek,HOL buiten plan,180,225374.2813949426,160313.46740170207
Ol_4678.1,KDBR00,geclaimd,Oostelijke leemstreek,HOL buiten plan,184,185008.4946634381,165554.45155035122
Ol_15393.2,RPLT02,geclaimd,Oostelijke leemstreek,HOL buiten plan,189,183214.4075086995,164878.84512198833
Ol_3242.2,LEVS01,geclaimd,Oostelijke leemstreek,HOL buiten plan,192,228298.94613771827,167090.5353143144
VL0560,NOVN00,geclaimd,Oostelijke leemstreek,HOL buiten plan,194,231862.51183242997,169766.0404962087
Ol_1258.4,LEVS01,geclaimd,Oostelijke leemstreek,HOL buiten plan,202,228827.92947756295,164703.3013872692
Ol_18690.1.4,ETBX00,geclaimd,Oostelijke leemstreek,HOL buiten plan,206,219239.9863034954,166768.1522378174
VL0334,KGDS00,geclaimd,Oostelijke leemstreek,HOL buiten plan,207,183841.73838673483,163302.8186412081
Ol_1498.1,LEVS01,geclaimd,Oostelijke leemstreek,HOL buiten plan,209,229336.0991795788,165288.15642336395
VL0559,NOVN00,geclaimd,Oostelijke leemstreek,HOL buiten plan,211,231449.99354426982,169513.44446941838
Ol_10715.3,RPLT02,geclaimd,Oostelijke leemstreek,HOL buiten plan,215,213295.695427739,164572.3890618985
VL0565,NOVN00,geclaimd,Oostelijke leemstreek,HOL buiten plan,216,232722.79998378642,168167.28720864933
Ol_9534,JJNN16,geclaimd,Oostelijke leemstreek,HOL buiten plan,217,205032.5897819825,155587.9440025736
Ol_2155.7,MRGT01,geclaimd,Oostelijke leemstreek,HOL buiten plan,219,193915.7533552287,166324.011019122
Ol_15619.2,RPLT02,geclaimd,Oostelijke leemstreek,HOL buiten plan,220,210899.3954215585,158527.0973281554
Ol_14245.12,ETBX00,geclaimd,Oostelijke leemstreek,HOL buiten plan,221,220187.09792018041,164805.88480783487
Ol_5989.15,NOVN00,geclaimd,Oostelijke leemstreek,HOL buiten plan,222,206913.06589905074,162095.52438871266
Ol_16774.6,RPLT02,geclaimd,Oostelijke leemstreek,HOL buiten plan,225,204314.18090850068,166810.33044994465
Ol_290.12,KGDS00,geclaimd,Oostelijke leemstreek,HOL buiten plan,226,178426.60764684947,167545.67684686847
Ol_9053.1,RPLT02,geclaimd,Oostelijke leemstreek,HOL buiten plan,227,210039.45579500226,160858.1633483317
Ol_8445.5,ETBX00,geclaimd,Oostelijke leemstreek,HOL buiten plan,228,231290.06274333154,166252.8632830871
Ol_8888.15,ETBX00,geclaimd,Oostelijke leemstreek,HOL buiten plan,229,222236.40413705056,169920.42275622403
Ol_1580.1,ETBX00,geclaimd,Oostelijke leemstreek,HOL buiten plan,232,233276.72677032166,165569.66563328082
Ol_5083,KGDS00,geclaimd,Oostelijke leemstreek,HOL buiten plan,238,178611.43801503166,168367.9949164084
Ol_11333.2.3,ETBX00,geclaimd,Oostelijke leemstreek,HOL buiten plan,239,214835.79264784238,168372.84108075095
Ol_5150.5,JJNN16,geclaimd,Oostelijke leemstreek,HOL buiten plan,240,209118.92288737645,158137.11972550946
Ol_11411,ETBX00,geclaimd,Oostelijke leemstreek,HOL buiten plan,244,227641.50516986754,168684.31756372913
Ol_8293,ETBX00,geclaimd,Oostelijke leemstreek,HOL buiten plan,246,216260.63680558835,168296.18126763662
Ol_8824.2,ETBX00,geclaimd,Oostelijke leemstreek,HOL buiten plan,250,222247.86723168916,167271.95555786043
Ol_8297.10,ETBX00,geclaimd,Oostelijke leemstreek,HOL buiten plan,251,217622.52789902472,168645.46028472137
Ol_1068.12,LEVS01,geclaimd,Oostelijke leemstreek,HOL buiten plan,253,229543.30530611047,163359.68303801463
VL0154,LEVS01,geclaimd,Oostelijke leemstreek,HOL buiten plan,259,225958.62597196476,159496.8549480457
Ol_10076,ETBX00,geclaimd,Oostelijke leemstreek,HOL buiten plan,261,232235.47913809994,165616.8571439614
Ol_2406.2,NOVN00,geclaimd,Oostelijke leemstreek,HOL buiten plan,263,200517.29859095387,163113.06242906742
Ol_1739.3,ETBX00,geclaimd,Oostelijke leemstreek,HOL buiten plan,265,224649.71494157478,167994.21875085408
Ol_6418.8,RPLT02,geclaimd,Oostelijke leemstreek,HOL buiten plan,269,213174.67945737913,163344.2574674458
VL0339,FVRT02,geclaimd,Oostelijke leemstreek,HOL buiten plan,271,183589.57395617277,165423.37531161122
Ol_3951.7,NHIS00,geclaimd,Oostelijke leemstreek,HOL buiten plan,275,187566.00178426894,166190.3922812162
Ol_5665.16,MRGT01,geclaimd,Oostelijke leemstreek,HOL buiten plan,277,190764.69576547536,163216.40747511818
Ol_1624.19,RERS01,geclaimd,Oostelijke leemstreek,HOL buiten plan,279,237143.67123508223,165951.33695433283
Ol_5801.15,NOVN00,geclaimd,Oostelijke leemstreek,HOL buiten plan,283,233257.85400074825,165062.00400869313
Ol_1883.1,MRGT01,geclaimd,Oostelijke leemstreek,HOL buiten plan,285,196086.23624455227,166707.95309618922
Ol_1923.15,MRGT01,geclaimd,Oostelijke leemstreek,HOL buiten plan,289,195839.9101397098,165680.3429618474
Ol_11317,ETBX00,geclaimd,Oostelijke leemstreek,HOL buiten plan,291,223950.434298035,168290.1040720337
Ol_8128.6,MRGT01,geclaimd,Oostelijke leemstreek,HOL buiten plan,292,194514.94802027056,165703.5998972303
Ol_14963.8,MRGT01,geclaimd,Oostelijke leemstreek,HOL buiten plan,293,193702.83885442032,167537.9832791175
Ol_4285.15,NOVN00,geclaimd,Oostelijke leemstreek,HOL buiten plan,296,200934.37171015146,165532.88911131956
Ol_19155.13,RPLT02,geclaimd,Oostelijke leemstreek,HOL buiten plan,302,212223.6795145877,165994.791820109
Ol_16240.2,ETBX00,geclaimd,Oostelijke leemstreek,HOL buiten plan,306,215462.74436943102,167264.61905824486
Ol_3648.7,RERS01,geclaimd,Oostelijke leemstreek,OL binnen plan,1,238809.6711252904,167457.7250456684
Ol_18140.4,NOVN00,geclaimd,Oostelijke leemstreek,OL binnen plan,2,237566.65113588359,170694.74529636052
Ol_1585.1,ETBX00,geclaimd,Oostelijke leemstreek,OL binnen plan,3,233699.9273410502,163464.56621228473
VL0619,LWNS03,geclaimd,Oostelijke leemstreek,OL binnen plan,4,237109.10024203634,172292.88689333852
VL0287,MRGT01,geclaimd,Oostelijke leemstreek,OL binnen plan,8,192038.3543893736,163509.9526620591
VL0122,RERS01,geclaimd,Oostelijke leemstreek,OL binnen plan,9,237566.58167122054,164749.9057568442
Ol_7274.5,NOVN00,geclaimd,Oostelijke leemstreek,OL binnen plan,10,200102.48763968548,165553.37342096493
VL0194,LEVS01,geclaimd,Oostelijke leemstreek,OL binnen plan,11,223232.22059734713,160210.99794190377
Ol_2063.12,NOVN00,geclaimd,Oostelijke leemstreek,OL binnen plan,12,201701.48634193378,162719.37388658483
VL0178,NOVN00,geclaimd,Oostelijke leemstreek,OL binnen plan,13,217869.64333613595,159561.13284232654
VL0219,NOVN00,geclaimd,Oostelijke leemstreek,OL binnen plan,14,205891.43532624538,156057.38427578658
Ol_6341.22,NOVN00,geclaimd,Oostelijke leemstreek,OL binnen plan,15,202158.738372211,160655.44445374195
Ol_9976.1,NOVN00,geclaimd,Oostelijke leemstreek,OL binnen plan,16,200652.18026893437,162541.40732479922
Ol_5930.8,RPLT02,geclaimd,Oostelijke leemstreek,OL binnen plan,19,208507.96601739456,160182.33318832758
VL0157,LEVS01,geclaimd,Oostelijke leemstreek,OL binnen plan,20,226440.12050566578,159019.3448467655
VL0153,LEVS01,geclaimd,Oostelijke leemstreek,OL binnen plan,21,226630.06045265193,159709.0885788519
VL0202,ETBX00,geclaimd,Oostelijke leemstreek,OL binnen plan,22,223613.04819815516,161972.5557144964
Ol_5980.12,NOVN00,geclaimd,Oostelijke leemstreek,OL binnen plan,23,203196.26356750872,161180.98603148895
Ol_6337.16,KDBR00,geclaimd,Oostelijke leemstreek,OL binnen plan,24,185081.1213212941,167758.41170149494
VL0343,FVRT02,geclaimd,Oostelijke leemstreek,OL binnen plan,27,182560.51669622568,166716.12473724596
Ol_5663.9,RPLT02,geclaimd,Oostelijke leemstreek,OL binnen plan,28,190107.17848641484,163127.35958023657
Ol_8360.7,WDST01,geclaimd,Oostelijke leemstreek,OL binnen plan,30,198442.97568618378,157864.72403911117
Ol_2546.14,ETBX00,geclaimd,Oostelijke leemstreek,OL binnen plan,32,221160.9592986229,166327.86734103903
VL0244,WDST01,geclaimd,Oostelijke leemstreek,OL binnen plan,33,196794.14538600112,161091.1608797228
VL0209,LEVS01,geclaimd,Oostelijke leemstreek,OL binnen plan,34,224674.93916865136,161288.38251012936
VL0571,NOVN00,geclaimd,Oostelijke leemstreek,OL binnen plan,35,234788.8974354223,168994.01590617653
Ol_23905.3,ETBX00,geclaimd,Oostelijke leemstreek,OL binnen plan,37,221879.96146214454,163830.60049317946
VL0575,NOVN00,geclaimd,Oostelijke leemstreek,OL binnen plan,38,234877.8667718409,170333.1808210304
Ol_7035.6,RPLT02,geclaimd,Oostelijke leemstreek,OL binnen plan,39,186376.3503919251,163958.59012660792
Ol_5983.4,NOVN00,geclaimd,Oostelijke leemstreek,OL binnen plan,40,205243.36403650627,160805.4270820758
Ol_1927.11,NOVN00,geclaimd,Oostelijke leemstreek,OL binnen plan,41,199638.67173780355,167374.6638087671
Ol_593.11,RPLT02,geclaimd,Oostelijke leemstreek,OL binnen plan,42,185327.397779354,164842.74756128306
Ol_8233,NOVN00,geclaimd,Oostelijke leemstreek,OL binnen plan,44,200047.80355876056,165054.68842281448
Ol_9663.13,RPLT02,geclaimd,Oostelijke leemstreek,OL binnen plan,45,209613.88243615176,162379.79945662047
VL0052,FVRT02,geclaimd,Oostelijke leemstreek,OL binnen plan,46,184132.17326773691,164241.08041296806
Ol_778.1,NOVN00,geclaimd,Oostelijke leemstreek,OL binnen plan,47,236655.81090335705,166767.96272599432
Ol_1561.5,ETBX00,geclaimd,Oostelijke leemstreek,OL binnen plan,48,231499.2350047076,167668.61854728663
Ol_18283.20,NOVN00,geclaimd,Oostelijke leemstreek,OL binnen plan,50,235439.59317986458,168568.3048278836
Ol_749.18,ETBX00,geclaimd,Oostelijke leemstreek,OL binnen plan,52,219516.38406226446,160290.6461976403
Ol_748.13,ETBX00,geclaimd,Oostelijke leemstreek,OL binnen plan,53,221809.5187949195,162979.99616988702
Ol_1579.7,NOVN00,geclaimd,Oostelijke leemstreek,OL binnen plan,55,234900.89545701927,166048.18732966582
VL0292,RPLT02,geclaimd,Oostelijke leemstreek,OL binnen plan,56,190330.59198456403,160951.38749941625
Ol_18277.5,RERS01,geclaimd,Oostelijke leemstreek,OL binnen plan,57,237527.53565034777,168462.86295179714
VL0326,KDBR00,geclaimd,Oostelijke leemstreek,OL binnen plan,58,183923.06227281629,166628.99613055214
Ol_9077.8,RPLT02,geclaimd,Oostelijke leemstreek,OL binnen plan,59,210402.16138532007,161727.41863484978
Ol_550.4,FVRT02,geclaimd,Oostelijke leemstreek,OL binnen plan,60,181853.17903656827,165037.27620513795
Ol_1036.21,RPLT02,geclaimd,Oostelijke leemstreek,OL binnen plan,62,217225.8592588836,160434.7874317412
Ol_20279.4,RPLT02,geclaimd,Oostelijke leemstreek,OL binnen plan,63,216079.33063692853,163440.63072417874
Ol_20925.6,RPLT02,geclaimd,Oostelijke leemstreek,OL binnen plan,65,207840.23584856465,160367.3262329541
VL0058,WDST01,geclaimd,Oostelijke leemstreek,OL binnen plan,66,196143.437051923,160915.66025431734
Ol_7210.12,WDST01,geclaimd,Oostelijke leemstreek,OL binnen plan,67,198269.5853613777,159730.77874375458
Ol_16672.4,NOVN00,geclaimd,Oostelijke leemstreek,OL binnen plan,68,216169.05465739692,158288.32233378215
VL0114,RERS01,geclaimd,Oostelijke leemstreek,OL binnen plan,69,239654.19176885072,167282.890050116
VL0587,BSCX00,geclaimd,Oostelijke leemstreek,OL binnen plan,70,235358.51593241165,171996.61694950424
VL0062,NOVN00,geclaimd,Oostelijke leemstreek,OL binnen plan,71,204287.17549278957,155510.43167542294
Ol_4452.7,RERS01,geclaimd,Oostelijke leemstreek,OL binnen plan,72,234658.3793773735,164074.85246198115
Ol_2426.16,NOVN00,geclaimd,Oostelijke leemstreek,OL binnen plan,73,205272.49493702457,160194.212311437
VL0038,LEVS01,geclaimd,Oostelijke leemstreek,OL binnen plan,74,225205.58615500067,158649.0806443952
Ol_7084.8,RERS01,geclaimd,Oostelijke leemstreek,OL binnen plan,75,235151.06067347748,163770.73474062994
Ol_1587.1,ETBX00,geclaimd,Oostelijke leemstreek,OL binnen plan,76,232338.23869240307,164118.7283118584
VL0116,RERS01,geclaimd,Oostelijke leemstreek,OL binnen plan,77,239991.1993630911,167564.54839272425
Ol_7928.4,RPLT02,geclaimd,Oostelijke leemstreek,OL binnen plan,78,204980.2883823915,164036.59098408953
VL0053,NHIS00,geclaimd,Oostelijke leemstreek,OL binnen plan,79,186923.3664223745,164620.49199158885
VL0255,WDST01,geclaimd,Oostelijke leemstreek,OL binnen plan,81,197449.4327163531,164207.6362684304
Ol_12842.20,RPLT02,geclaimd,Oostelijke leemstreek,OL binnen plan,82,217813.3513464704,160220.37756188988
VL0074,RPLT02,geclaimd,Oostelijke leemstreek,OL binnen plan,83,189558.4171316676,161588.65352694225
VL0047,LEVS01,geclaimd,Oostelijke leemstreek,OL binnen plan,84,224157.499732694,161270.67474307865
VL0257,WDST01,geclaimd,Oostelijke leemstreek,OL binnen plan,85,197726.04371253442,163617.74594111182
Ol_9079.2,RPLT02,geclaimd,Oostelijke leemstreek,OL binnen plan,86,209865.83567361915,163126.24248731494
VL0254,WDST01,geclaimd,Oostelijke leemstreek,OL binnen plan,87,197073.81872154275,163648.3322010422
Ol_1076.10,RERS01,geclaimd,Oostelijke leemstreek,OL binnen plan,88,239897.43016568027,166227.7990066458
Ol_818.1,RERS01,geclaimd,Oostelijke leemstreek,OL binnen plan,89,236330.37969179504,168743.70642045425
VL0268,NOVN00,geclaimd,Oostelijke leemstreek,OL binnen plan,90,199606.8977780286,163973.03104931954
Ol_3422.10,WDST01,geclaimd,Oostelijke leemstreek,OL binnen plan,93,195896.5834140361,163224.5119901163
Ol_6782.3,NOVN00,geclaimd,Oostelijke leemstreek,OL binnen plan,94,203939.78629555667,158294.04292807766
VL0355,LEVS01,geclaimd,Oostelijke leemstreek,OL binnen plan,97,178795.13217098426,166162.17738735955
VL0261,WDST01,geclaimd,Oostelijke leemstreek,OL binnen plan,98,198243.32922696025,162484.69117077254
Ol_5817.11,RPLT02,geclaimd,Oostelijke leemstreek,OL binnen plan,99,210297.85991588238,162923.08214953565
Ol_827.8,RERS01,geclaimd,Oostelijke leemstreek,OL binnen plan,100,237039.10252533416,169361.2747880202
Ol_5687.8,WDST01,geclaimd,Oostelijke leemstreek,OL binnen plan,102,199332.91598469642,162129.3686957836
Ol_4857.7,RPLT02,geclaimd,Oostelijke leemstreek,OL binnen plan,103,189074.23159349555,160123.55121063517
VL0063,NOVN00,geclaimd,Oostelijke leemstreek,OL binnen plan,104,206162.73470007032,157367.92796493508
VL0226,WDST01,geclaimd,Oostelijke leemstreek,OL binnen plan,105,202929.81020419655,156114.0799724888
VL0056,FVRT02,geclaimd,Oostelijke leemstreek,OL binnen plan,106,181994.1683436729,166643.99251120258
Ol_6360.10,RPLT02,geclaimd,Oostelijke leemstreek,OL binnen plan,109,216021.08159002406,164339.2247554785
Ol_6671.7,ETBX00,geclaimd,Oostelijke leemstreek,OL binnen plan,111,220609.00425762992,164362.1315328263
Ol_13243.7,NOVN00,geclaimd,Oostelijke leemstreek,OL binnen plan,113,197614.74388474564,166960.79600546748
Ol_2256,RPLT02,geclaimd,Oostelijke leemstreek,OL binnen plan,114,210429.39032024052,163843.171577937
Ol_5823.6,RPLT02,geclaimd,Oostelijke leemstreek,OL binnen plan,116,210713.74551678885,162779.31545868766
Ol_4830.7,NA,reserve,Oostelijke leemstreek,OL binnen plan,117,208509.82541623013,165290.03029548645
Ol_9000.5,JJNN16,geclaimd,Oostelijke leemstreek,OL binnen plan,118,206722.62211904753,158527.79349423398
Ol_937.14,NOVN00,geclaimd,Oostelijke leemstreek,OL binnen plan,119,195613.98041522378,161505.4335900839
Ol_1577.5,ETBX00,geclaimd,Oostelijke leemstreek,OL binnen plan,120,235453.11104881298,164806.17493425467
Ol_2396.14,NOVN00,geclaimd,Oostelijke leemstreek,OL binnen plan,121,201679.25902719251,163193.0157777393
Ol_12850.10,NA,reserve,Oostelijke leemstreek,OL binnen plan,125,209024.13210873687,160814.31433244745
Ol_1703.12,ETBX00,geclaimd,Oostelijke leemstreek,OL binnen plan,126,233100.10464883337,167594.4271320722
Ol_5816.1,NA,reserve,Oostelijke leemstreek,OL binnen plan,127,210817.11819827027,163259.44997425508
Ol_5984.1,NOVN00,geclaimd,Oostelijke leemstreek,OL binnen plan,129,205042.7771163608,161341.92576996365
Ol_6108.4,NOVN00,geclaimd,Oostelijke leemstreek,OL binnen plan,130,197275.49905195675,160890.5171707785
Ol_9862.14,JJNN16,geclaimd,Oostelijke leemstreek,OL binnen plan,131,205868.04882672787,160385.9014579097
VL0113,RERS01,geclaimd,Oostelijke leemstreek,OL binnen plan,132,240416.50898510343,167141.10516685713
VL0590,BSCX00,geclaimd,Oostelijke leemstreek,OL binnen plan,134,236374.3375900202,172267.5315564517
Ol_4657.8,RPLT02,geclaimd,Oostelijke leemstreek,OL binnen plan,136,186748.35002572785,163936.83379678064
Ol_7430.9,NOVN00,geclaimd,Oostelijke leemstreek,OL binnen plan,137,202963.19738654795,159809.72662816304
Ol_5356.1,NA,reserve,Oostelijke leemstreek,OL binnen plan,139,212976.9175545643,158155.1800569041
Ol_1560.4,ETBX00,geclaimd,Oostelijke leemstreek,OL binnen plan,140,231676.48256917478,166936.4883218311
VL0289,RPLT02,geclaimd,Oostelijke leemstreek,OL binnen plan,141,191607.0417625556,161265.4931286797
Ol_10209.19,JJNN16,geclaimd,Oostelijke leemstreek,OL binnen plan,143,206947.28649542347,158054.49074319453
VL0061,RERS01,geclaimd,Oostelijke leemstreek,OL binnen plan,144,235621.8929994048,163836.2411250444
Ol_2267,ETBX00,geclaimd,Oostelijke leemstreek,OL binnen plan,148,215487.04082431467,165641.64176178662
Ol_13240.1,NA,reserve,Oostelijke leemstreek,OL binnen plan,149,198407.223448881,167471.1206689549
VL0196,ETBX00,geclaimd,Oostelijke leemstreek,OL binnen plan,150,222594.20975465857,161018.74967908207
VL0055,FVRT02,geclaimd,Oostelijke leemstreek,OL binnen plan,151,181109.38942902788,164746.0335889561
Ol_3813.27,NA,reserve,Oostelijke leemstreek,OL binnen plan,153,236605.75996122515,171803.33931602477
Ol_2954.5,ETBX00,geclaimd,Oostelijke leemstreek,OL binnen plan,154,233729.6325954898,168081.64041549526
Ol_5690.10,NA,reserve,Oostelijke leemstreek,OL binnen plan,156,199636.11503280196,166911.50036992802
Ol_6252.18,NA,reserve,Oostelijke leemstreek,OL binnen plan,157,201784.54254487762,162204.19467338055
Ol_2060.11,NA,reserve,Oostelijke leemstreek,OL binnen plan,159,201554.07368835382,164445.1215915609
Ol_2279.16,JJNN16,geclaimd,Oostelijke leemstreek,OL binnen plan,160,205140.85040785137,159433.67091380712
Ol_1586.11,ETBX00,geclaimd,Oostelijke leemstreek,OL binnen plan,162,232735.48053812436,163726.10095262303
Ol_1939.2,NA,reserve,Oostelijke leemstreek,OL binnen plan,163,197795.13066695703,166630.8619535004
Ol_7423.8,NA,reserve,Oostelijke leemstreek,OL binnen plan,164,202231.56848139298,159947.1145931359
Ol_3683.7,JJNN16,geclaimd,Oostelijke leemstreek,OL binnen plan,165,204303.78704315447,157669.93579830436
Ol_12809.7,NA,reserve,Oostelijke leemstreek,OL binnen plan,166,210725.17958699778,159263.29891307722
Ol_3798.4,NA,reserve,Oostelijke leemstreek,OL binnen plan,167,237403.31575654613,170256.6527673201
VL0622,LWNS03,geclaimd,Oostelijke leemstreek,OL binnen plan,168,238331.7856662015,171875.42282735184
VL0238,WDST01,geclaimd,Oostelijke leemstreek,OL binnen plan,169,198767.83083691428,159532.2872099299
Ol_475.20,NA,reserve,Oostelijke leemstreek,OL binnen plan,170,181758.33231346327,167139.0582598761
Ol_5981.7,NA,reserve,Oostelijke leemstreek,OL binnen plan,171,203655.0904750095,161560.67197110225
Ol_7868,JJNN16,geclaimd,Oostelijke leemstreek,OL binnen plan,172,206079.40211266722,158483.71550992865
VL0364,KGDS00,geclaimd,Oostelijke leemstreek,OL binnen plan,173,186222.58246530377,162011.76661217865
VL0299,RPLT02,geclaimd,Oostelijke leemstreek,OL binnen plan,174,188899.09191851306,161251.0246456815
VL0351,FVRT02,geclaimd,Oostelijke leemstreek,OL binnen plan,175,181622.70425733554,164080.04267999344
VL0218,NOVN00,geclaimd,Oostelijke leemstreek,OL binnen plan,176,206419.87702882223,156427.56904704683
Ol_1628.4,ETBX00,geclaimd,Oostelijke leemstreek,OL binnen plan,178,219138.991550459,160686.79826839713
Ol_1034.14,NA,reserve,Oostelijke leemstreek,OL binnen plan,179,216988.41706638393,161288.2337836005
VL0203,ETBX00,geclaimd,Oostelijke leemstreek,OL binnen plan,180,223749.03673049854,162476.93522062432
Ol_2025.4,NA,reserve,Oostelijke leemstreek,OL binnen plan,181,202613.08507772276,157026.78560283064
Ol_12852.2,NA,reserve,Oostelijke leemstreek,OL binnen plan,183,208066.8743576813,161639.3297628588
Ol_2030.1,NA,reserve,Oostelijke leemstreek,OL binnen plan,184,201166.84401366254,159122.08741737466
Ol_18283.5,NA,reserve,Oostelijke leemstreek,OL binnen plan,185,234801.36356869765,168166.35423650435
Ol_18099.2,NA,reserve,Oostelijke leemstreek,OL binnen plan,186,236129.9848538504,166671.70897833302
Ol_5737.5,NA,reserve,Oostelijke leemstreek,OL binnen plan,187,206267.74940212673,158850.6266096517
VL0051,NA,reserve,Oostelijke leemstreek,OL binnen plan,188,184461.34059131896,168147.891278781
Ol_5985.11,NA,reserve,Oostelijke leemstreek,OL binnen plan,190,204565.5774692822,161008.62660839283
VL0253,WDST01,geclaimd,Oostelijke leemstreek,OL binnen plan,195,196529.17500812816,163089.95762392506
Ol_1579.18,NA,reserve,Oostelijke leemstreek,OL binnen plan,198,234488.2033025021,165679.7195848219
Ol_786.9,NA,reserve,Oostelijke leemstreek,OL binnen plan,200,236423.55582744197,166091.3568932053
Ol_7414.1.5,NA,reserve,Oostelijke leemstreek,OL binnen plan,201,199874.71963298478,158288.2657852996
VL0330,FVRT02,geclaimd,Oostelijke leemstreek,OL binnen plan,203,184819.10497354696,164667.16098112147
Ol_14880.1,NA,reserve,Oostelijke leemstreek,OL binnen plan,206,202674.50895007286,158343.520123363
Ol_4130.13,NA,reserve,Oostelijke leemstreek,OL binnen plan,207,184056.15539423033,168394.6349285129
Ol_9702.6,RPLT02,geclaimd,Oostelijke leemstreek,OL buiten plan,1,212126.65385007445,163772.81759719684
Ol_2795.5,RPLT02,geclaimd,Oostelijke leemstreek,OL buiten plan,2,203671.06033197336,165122.0430836835
Ol_9797.2,RPLT02,geclaimd,Oostelijke leemstreek,OL buiten plan,4,206063.1871053981,166064.09083332933
VL0556,NOVN00,geclaimd,Oostelijke leemstreek,OL buiten plan,5,231776.9847711797,171313.34065661766
Ol_3828.2,RERS01,geclaimd,Oostelijke leemstreek,OL buiten plan,6,237379.8550426549,167892.60567202696
Ol_9986.6,MRGT01,geclaimd,Oostelijke leemstreek,OL buiten plan,7,194627.6922779737,166548.74942391453
VL0585,NOVN00,geclaimd,Oostelijke leemstreek,OL buiten plan,10,234724.02317053813,171925.59986719117
Ol_12609.15,LEVS01,geclaimd,Oostelijke leemstreek,OL buiten plan,11,227053.91017311293,161781.8208132105
Ol_115,RPLT02,geclaimd,Oostelijke leemstreek,OL buiten plan,13,214979.06930875004,159856.1721815798
Ol_2059.11,RPLT02,geclaimd,Oostelijke leemstreek,OL buiten plan,14,203432.34014545774,165658.1521868538
Ol_1837.9,MRGT01,geclaimd,Oostelijke leemstreek,OL buiten plan,16,192212.24857860967,167867.66434435576
Ol_9615.10,NOVN00,geclaimd,Oostelijke leemstreek,OL buiten plan,17,205629.2345753813,162277.62708273507
Ol_2424.15,WDST01,geclaimd,Oostelijke leemstreek,OL buiten plan,18,198676.19725702537,158504.17787782152
VL0003,MRGT01,geclaimd,Oostelijke leemstreek,OL buiten plan,20,189818.763701248,163476.5195024833
Ol_5989.2,NOVN00,geclaimd,Oostelijke leemstreek,OL buiten plan,21,206339.2579755205,161792.63474930509
Ol_10120.5,ETBX00,geclaimd,Oostelijke leemstreek,OL buiten plan,22,225768.38071185534,171502.78799440467
Ol_7143.8,RPLT02,geclaimd,Oostelijke leemstreek,OL buiten plan,23,213799.46160115502,161169.15584295298
Ol_12837.16,NOVN00,geclaimd,Oostelijke leemstreek,OL buiten plan,24,216427.99841060716,159253.4521924153
Ol_4224.4,KGDS00,geclaimd,Oostelijke leemstreek,OL buiten plan,25,179032.05550687466,167615.69002301185
Ol_4312.1,MRGT01,geclaimd,Oostelijke leemstreek,OL buiten plan,26,193058.37892854837,168169.00717877605
Ol_3835.5,RERS01,geclaimd,Oostelijke leemstreek,OL buiten plan,27,237888.23268256965,167860.45150520938
VL0578,NOVN00,geclaimd,Oostelijke leemstreek,OL buiten plan,28,233816.20608092076,171570.58571821824
Ol_5258.10,MRGT01,geclaimd,Oostelijke leemstreek,OL buiten plan,29,192232.78577419656,165154.68574477817
VL0557,NOVN00,geclaimd,Oostelijke leemstreek,OL buiten plan,30,232236.22165934715,170751.00017463602
Ol_5806,ETBX00,geclaimd,Oostelijke leemstreek,OL buiten plan,32,218727.42863075674,164197.7397633448
VL0273,MRGT01,geclaimd,Oostelijke leemstreek,OL buiten plan,33,196110.91738389095,165011.7064143354
Ol_9539.7,NOVN00,geclaimd,Oostelijke leemstreek,OL buiten plan,34,198933.18911043985,165105.97365379124
Ol_17628.3,LEVS01,geclaimd,Oostelijke leemstreek,OL buiten plan,35,228114.84394322697,161123.3013877069
VL0337,KGDS00,geclaimd,Oostelijke leemstreek,OL buiten plan,38,183220.02849756123,161978.55912405066
Ol_12863.6,RPLT02,geclaimd,Oostelijke leemstreek,OL buiten plan,40,211554.4352779591,162737.89495675892
Ol_2214.11,RPLT02,geclaimd,Oostelijke leemstreek,OL buiten plan,42,187380.05677724213,166779.3822040107
Ol_10971.1.5,ETBX00,geclaimd,Oostelijke leemstreek,OL buiten plan,43,220607.30989632622,161138.63025538833
Ol_5810.1.10,ETBX00,geclaimd,Oostelijke leemstreek,OL buiten plan,44,233910.7182715075,165833.66165243502
Ol_3824.15,RERS01,geclaimd,Oostelijke leemstreek,OL buiten plan,46,238649.529915522,166822.87970549602
VL0141,LEVS01,geclaimd,Oostelijke leemstreek,OL buiten plan,52,230636.24894890585,159438.93394513428
Ol_7135.7,RPLT02,geclaimd,Oostelijke leemstreek,OL buiten plan,53,213969.83489255005,163672.49533561926
Ol_1573.4,RERS01,geclaimd,Oostelijke leemstreek,OL buiten plan,54,235657.89106230697,167502.90138781746
Ol_5702.16,NOVN00,geclaimd,Oostelijke leemstreek,OL buiten plan,55,206447.83618739128,162528.1791456535
Ol_3095.1,RERS01,geclaimd,Oostelijke leemstreek,OL buiten plan,56,238412.18905505547,166127.2377992279
Ol_13146.2,RPLT02,geclaimd,Oostelijke leemstreek,OL buiten plan,58,203987.65994514094,164899.0258436629
Ol_6421.7,RPLT02,geclaimd,Oostelijke leemstreek,OL buiten plan,59,211026.16526559513,164661.53624887948
