WKT	name	beslissing	pointid	Naam	openheid_sbp	sample_order	batch	zichtbaarheid	wegtype
POINT (2.617936 51.019383 0.0)	NA	behouden	DM_386.7	Zandleemstreek	OL binnen plan	8	eerste set	0.719362871834543	unclassified
POINT (4.835967 50.866205 0.0)	NA	behouden	Zn_10111.7	Zandleemstreek	HOL binnen plan	2	eerste set	0.344291781425193	unclassified
POINT (3.972441 50.875775 0.0)	NA	behouden	Zn_102166.5	Zandleemstreek	HOL buiten plan	26	eerste set	0.232839075787849	track
POINT (3.649004 50.837021 0.0)	NA	vervanging	Zn_103695.5	Zandleemstreek	HOL binnen plan	57	reserve set	0.309222935492002	track
POINT (4.833252 50.848133 0.0)	NA	behouden	Zn_105462.1	Zandleemstreek	HOL binnen plan	40	eerste set	0.793790100649685	track
POINT (4.392077 50.935122 0.0)	NA	behouden	Zn_10583.5	Zandleemstreek	OL buiten plan	5	eerste set	0.731177912202586	track
POINT (3.758232 50.8761 0.0)	NA	behouden	Zn_105980.5	Zandleemstreek	OL buiten plan	3	eerste set	0.386058325401303	unclassified
POINT (3.838659 50.851009 0.0)	NA	behouden	Zn_113200.1	Zandleemstreek	HOL buiten plan	2	eerste set	0.341432090125894	track
POINT (5.045338 50.857962 0.0)	NA	behouden	Zn_114013.6	Zandleemstreek	HOL binnen plan	4	eerste set	0.432641191565778	track
POINT (2.813773 50.794658 0.0)	NA	behouden	Zn_11411.7	Zandleemstreek	OL binnen plan	9	eerste set	0.557940823494224	unclassified
POINT (3.660932 50.847133 0.0)	NA	vervanging	Zn_119428.1	Zandleemstreek	HOL binnen plan	62	reserve set	0.462667950208024	track
POINT (2.895409 50.884527 0.0)	NA	behouden	Zn_12018.10	Zandleemstreek	OL buiten plan	29	eerste set	0.575701011563347	unclassified
POINT (2.860699 50.922342 0.0)	NA	behouden	Zn_12023.2	Zandleemstreek	OL buiten plan	11	eerste set	0.670597609678587	unclassified
POINT (4.950737 50.834093 0.0)	NA	behouden	Zn_12233.18	Zandleemstreek	OL binnen plan	10	eerste set	0.666458582798072	track
POINT (5.087635 50.841844 0.0)	NA	behouden	Zn_12340.6	Zandleemstreek	OL binnen plan	48	eerste set	0.740208516305526	unclassified
POINT (5.052347 50.968072 0.0)	NA	behouden	Zn_124534.8	Zandleemstreek	HOL buiten plan	50	eerste set	0.370104258152716	track
POINT (3.41227 51.017153 0.0)	NA	behouden	Zn_124557.4	Zandleemstreek	OL buiten plan	49	eerste set	0.611898683009345	unclassified
POINT (3.5356 50.830831 0.0)	NA	behouden	Zn_127029.1	Zandleemstreek	OL buiten plan	21	eerste set	0.723727663817665	track
POINT (4.042937 51.004729 0.0)	NA	behouden	Zn_129510.4	Zandleemstreek	HOL binnen plan	25	eerste set	0.746906214348536	track
POINT (5.083107 50.913138 0.0)	NA	behouden	Zn_130118.2	Zandleemstreek	HOL binnen plan	43	eerste set	0.452282755489644	track
POINT (5.082774 50.901406 0.0)	NA	behouden	Zn_13057.9	Zandleemstreek	HOL buiten plan	21	eerste set	0.312534156996424	track
POINT (2.852646 50.787678 0.0)	NA	behouden	Zn_130761.1.1	Zandleemstreek	OL binnen plan	2	eerste set	0.791306684521383	unclassified
POINT (5.037125 50.839884 0.0)	NA	vervanging	Zn_131680.2	Zandleemstreek	HOL binnen plan	55	reserve set	0.39727132549583	track
POINT (4.522471 50.851978 0.0)	NA	behouden	Zn_13339.13	Zandleemstreek	OL binnen plan	54	eerste set	0.52354927286887	track
POINT (2.620979 50.863741 0.0)	NA	behouden	Zn_134351	Zandleemstreek	HOL binnen plan	17	eerste set	0.488781447072415	tertiary
POINT (3.684299 50.938571 0.0)	NA	vervanging	Zn_135839.8	Zandleemstreek	OL buiten plan	53	reserve set	0.714621804680456	track
POINT (3.564491 50.903863 0.0)	NA	behouden	Zn_138937.3	Zandleemstreek	HOL binnen plan	5	eerste set	0.500897507577207	unclassified
POINT (2.722256 50.937479 0.0)	NA	behouden	Zn_141666.4	Zandleemstreek	OL binnen plan	27	eerste set	0.772492925973568	track
POINT (2.666476 50.951865 0.0)	NA	behouden	Zn_141803.9	Zandleemstreek	OL binnen plan	26	eerste set	0.518657695646372	unclassified
POINT (2.70815 50.844331 0.0)	NA	behouden	Zn_142248	Zandleemstreek	HOL binnen plan	41	eerste set	0.352344070083609	unclassified
POINT (4.256734 50.984217 0.0)	NA	behouden	Zn_14495.1	Zandleemstreek	HOL buiten plan	22	eerste set	0.491490628303315	tertiary
POINT (5.04921 50.926514 0.0)	NA	behouden	Zn_146709	Zandleemstreek	HOL buiten plan	42	eerste set	0.273476794251101	unclassified
POINT (2.813977 50.946991 0.0)	NA	behouden	Zn_148821.1.1	Zandleemstreek	OL buiten plan	36	eerste set	0.612425468248725	tertiary
POINT (2.802239 50.831567 0.0)	NA	behouden	Zn_148962.6	Zandleemstreek	OL binnen plan	34	eerste set	0.563434440990176	unclassified
POINT (5.433406 50.884404 0.0)	NA	behouden	Zn_15354.2.5	Zandleemstreek	HOL buiten plan	28	eerste set	0.488254661833103	unclassified
POINT (4.235237 50.781724 0.0)	NA	behouden	Zn_19057.3	Zandleemstreek	HOL buiten plan	34	eerste set	0.525204883621067	unclassified
POINT (2.636378 50.838935 0.0)	NA	behouden	Zn_19394.1	Zandleemstreek	OL binnen plan	24	eerste set	0.486523796046686	unclassified
POINT (5.027369 50.824599 0.0)	NA	vervanging	Zn_19449	Zandleemstreek	HOL binnen plan	58	reserve set	0.737123059903676	unclassified
POINT (4.474552 50.787368 0.0)	NA	behouden	Zn_19499.5	Zandleemstreek	HOL buiten plan	10	eerste set	0.361224164118194	unclassified
POINT (5.026023 50.931969 0.0)	NA	behouden	Zn_19592.4	Zandleemstreek	HOL buiten plan	45	eerste set	0.208305934641471	track
POINT (3.367047 50.980209 0.0)	NA	behouden	Zn_20651.3	Zandleemstreek	OL buiten plan	34	eerste set	0.578861722999414	unclassified
POINT (3.625092 50.888815 0.0)	NA	behouden	Zn_21102.1.9	Zandleemstreek	OL buiten plan	9	eerste set	0.566519897391999	unclassified
POINT (3.153713 50.97876 0.0)	NA	behouden	Zn_21373.4	Zandleemstreek	OL buiten plan	26	eerste set	0.751271006331632	unclassified
POINT (3.101393 50.973224 0.0)	NA	behouden	Zn_21375.5	Zandleemstreek	OL buiten plan	23	eerste set	0.663147361293597	unclassified
POINT (2.996463 50.885613 0.0)	NA	behouden	Zn_21500.1	Zandleemstreek	HOL buiten plan	32	eerste set	0.564186991332081	unclassified
POINT (2.987475 50.923081 0.0)	NA	behouden	Zn_21593.1.8	Zandleemstreek	HOL buiten plan	16	eerste set	0.42880318482196	unclassified
POINT (3.04532 50.872208 0.0)	NA	behouden	Zn_21596.7	Zandleemstreek	OL buiten plan	41	eerste set	0.708225126774227	unclassified
POINT (3.132482 50.886865 0.0)	NA	behouden	Zn_21642.2.1	Zandleemstreek	OL buiten plan	31	eerste set	0.652686911541058	unclassified
POINT (3.294104 51.016261 0.0)	NA	behouden	Zn_21802.2	Zandleemstreek	OL buiten plan	22	eerste set	0.576453561905315	track
POINT (2.911082 50.892432 0.0)	NA	behouden	Zn_22040.1	Zandleemstreek	OL buiten plan	37	eerste set	0.566294132289444	track
POINT (4.527095 50.899799 0.0)	NA	behouden	Zn_2220.1.3	Zandleemstreek	OL buiten plan	7	eerste set	0.6493004350024	tertiary
POINT (3.129919 50.818767 0.0)	NA	behouden	Zn_22318.1	Zandleemstreek	OL buiten plan	30	eerste set	0.54966276973313	unclassified
POINT (4.192625 50.848577 0.0)	NA	behouden	Zn_22574.1	Zandleemstreek	HOL buiten plan	3	eerste set	0.607684401094601	track
POINT (5.265437 50.87774 0.0)	NA	behouden	Zn_23132.1.1	Zandleemstreek	HOL buiten plan	29	eerste set	0.220045719975318	unclassified
POINT (3.087764 50.899365 0.0)	NA	behouden	Zn_23495.1	Zandleemstreek	HOL buiten plan	11	eerste set	0.526183199065505	unclassified
POINT (2.983041 50.907829 0.0)	NA	behouden	Zn_24082.3.5	Zandleemstreek	OL buiten plan	40	eerste set	0.702430489141501	unclassified
POINT (3.287543 51.024603 0.0)	NA	behouden	Zn_24169.1.1	Zandleemstreek	OL buiten plan	13	eerste set	0.635302998642839	unclassified
POINT (3.136311 50.992082 0.0)	NA	behouden	Zn_24526.1.2	Zandleemstreek	HOL buiten plan	49	eerste set	0.582097689469629	unclassified
POINT (3.135902 51.007983 0.0)	NA	vervanging	Zn_24846.1	Zandleemstreek	HOL buiten plan	53	reserve set	0.402238157752451	unclassified
POINT (2.939922 50.88605 0.0)	NA	behouden	Zn_25092.1.1	Zandleemstreek	OL buiten plan	10	eerste set	0.500144957235286	unclassified
POINT (3.389202 50.806707 0.0)	NA	behouden	Zn_25431.7	Zandleemstreek	OL buiten plan	28	eerste set	0.657728998831893	tertiary
POINT (3.071759 50.851783 0.0)	NA	vervanging	Zn_25649.13	Zandleemstreek	OL buiten plan	52	reserve set	0.793564335547147	track
POINT (3.022458 50.957718 0.0)	NA	behouden	Zn_25747.8	Zandleemstreek	HOL buiten plan	33	eerste set	0.48562073563638	unclassified
POINT (4.257184 50.917852 0.0)	NA	behouden	Zn_25775.3	Zandleemstreek	OL binnen plan	35	eerste set	0.640194575865353	unclassified
POINT (2.795358 50.816867 0.0)	NA	behouden	Zn_25804.1	Zandleemstreek	OL binnen plan	3	eerste set	0.599105327196849	unclassified
POINT (4.581564 50.773659 0.0)	NA	behouden	Zn_26853	Zandleemstreek	OL binnen plan	37	eerste set	0.275057149969125	track
POINT (2.774387 50.900524 0.0)	NA	behouden	Zn_27237.3	Zandleemstreek	HOL buiten plan	20	eerste set	0.497586286072808	unclassified
POINT (2.776031 50.838773 0.0)	NA	vervanging	Zn_27271	Zandleemstreek	HOL buiten plan	58	reserve set	0.605426750068911	unclassified
POINT (3.004975 50.907239 0.0)	NA	behouden	Zn_28442.1.7	Zandleemstreek	HOL buiten plan	5	eerste set	0.230807189864679	unclassified
POINT (2.726461 50.980282 0.0)	NA	behouden	Zn_29141.1	Zandleemstreek	OL buiten plan	46	eerste set	0.493974044431642	unclassified
POINT (2.653192 50.868828 0.0)	NA	behouden	Zn_29557	Zandleemstreek	OL buiten plan	14	eerste set	0.485620735636379	unclassified
POINT (2.728878 50.892209 0.0)	NA	behouden	Zn_29583.2	Zandleemstreek	OL buiten plan	35	eerste set	0.6244662737193	track
POINT (2.623853 50.8989 0.0)	NA	behouden	Zn_29629.2.1	Zandleemstreek	OL binnen plan	19	eerste set	0.540406400527656	unclassified
POINT (2.77095 50.952396 0.0)	NA	behouden	Zn_29684.20	Zandleemstreek	OL binnen plan	44	eerste set	0.758043959408836	unclassified
POINT (3.97779 50.855975 0.0)	NA	behouden	Zn_30850.2	Zandleemstreek	OL buiten plan	17	eerste set	0.70363456968853	tertiary
POINT (2.833757 50.775546 0.0)	NA	behouden	Zn_31255.5.3	Zandleemstreek	OL binnen plan	16	eerste set	0.446939648062065	unclassified
POINT (3.630565 50.82322 0.0)	NA	behouden	Zn_31353	Zandleemstreek	HOL buiten plan	46	eerste set	0.192201357324553	unclassified
POINT (3.140888 50.877822 0.0)	NA	behouden	Zn_31462.1	Zandleemstreek	HOL buiten plan	4	eerste set	0.4050978490517	unclassified
POINT (3.779317 50.920729 0.0)	NA	behouden	Zn_31836.5	Zandleemstreek	OL buiten plan	25	eerste set	0.787694442880202	track
POINT (2.836866 50.96376 0.0)	NA	behouden	Zn_32064	Zandleemstreek	HOL binnen plan	1	eerste set	0.306062224055979	unclassified
POINT (3.304046 50.790785 0.0)	NA	behouden	Zn_32107.2.8	Zandleemstreek	OL buiten plan	50	eerste set	0.633647387890653	unclassified
POINT (4.192736 50.930643 0.0)	NA	behouden	Zn_32270.6	Zandleemstreek	HOL buiten plan	13	eerste set	0.464248305926066	unclassified
POINT (3.941853 50.785026 0.0)	NA	behouden	Zn_33079.3	Zandleemstreek	HOL binnen plan	23	eerste set	0.488405171901429	track
POINT (2.642462 51.001504 0.0)	NA	behouden	Zn_33256.13	Zandleemstreek	OL binnen plan	45	eerste set	0.715675375159159	unclassified
POINT (3.03549 50.91321 0.0)	NA	behouden	Zn_34066.6	Zandleemstreek	OL buiten plan	45	eerste set	0.824343644531387	unclassified
POINT (3.012578 50.94032 0.0)	NA	behouden	Zn_34085.1	Zandleemstreek	HOL buiten plan	35	eerste set	0.519485501022496	unclassified
POINT (3.933992 50.908757 0.0)	NA	vervanging	Zn_34475.4	Zandleemstreek	HOL buiten plan	52	reserve set	0.519937031227642	track
POINT (4.99013 50.884432 0.0)	NA	vervanging	Zn_34488.1	Zandleemstreek	HOL binnen plan	64	reserve set	0.256318646455562	track
POINT (2.643317 51.007192 0.0)	NA	behouden	Zn_34559.1.10	Zandleemstreek	HOL binnen plan	19	eerste set	0.644559367848408	unclassified
POINT (2.787573 50.784905 0.0)	NA	behouden	Zn_36779	Zandleemstreek	HOL binnen plan	39	eerste set	0.267381136481649	unclassified
POINT (3.561098 50.859745 0.0)	NA	behouden	Zn_36958	Zandleemstreek	HOL binnen plan	7	eerste set	0.379059607221538	track
POINT (3.542258 50.862856 0.0)	NA	behouden	Zn_36963.6	Zandleemstreek	OL binnen plan	32	eerste set	0.691443254149576	unclassified
POINT (2.631797 50.983214 0.0)	NA	behouden	Zn_36980.6	Zandleemstreek	OL binnen plan	49	eerste set	0.737875610245574	unclassified
POINT (2.801275 50.756897 0.0)	NA	behouden	Zn_37116.18	Zandleemstreek	OL binnen plan	28	eerste set	0.737875610245593	track
POINT (2.66481 50.895902 0.0)	NA	behouden	Zn_37250.1	Zandleemstreek	OL binnen plan	7	eerste set	0.735015918946328	track
POINT (2.658604 50.905351 0.0)	NA	behouden	Zn_37258.6	Zandleemstreek	OL binnen plan	30	eerste set	0.601814508427745	unclassified
POINT (4.629495 50.846896 0.0)	NA	behouden	Zn_3758.2.5	Zandleemstreek	OL binnen plan	21	eerste set	0.717406240945607	tertiary
POINT (3.242639 50.866413 0.0)	NA	behouden	Zn_37835	Zandleemstreek	OL buiten plan	44	eerste set	0.604147414487672	track
POINT (4.619216 50.824899 0.0)	NA	behouden	Zn_3804.15	Zandleemstreek	OL binnen plan	38	eerste set	0.403291728231174	track
POINT (2.871788 50.77116 0.0)	NA	behouden	Zn_38656.2	Zandleemstreek	OL binnen plan	14	eerste set	0.659234099515686	unclassified
POINT (2.648491 50.861849 0.0)	NA	behouden	Zn_38769.5.2	Zandleemstreek	OL buiten plan	4	eerste set	0.648623139694727	tertiary
POINT (3.390228 51.034193 0.0)	NA	behouden	Zn_38968.1	Zandleemstreek	HOL buiten plan	25	eerste set	0.44054297015579	unclassified
POINT (2.622413 50.887622 0.0)	NA	vervanging	Zn_39074.14	Zandleemstreek	OL binnen plan	59	reserve set	0.494801849807734	tertiary
POINT (2.643971 50.982528 0.0)	NA	behouden	Zn_39152.1.7	Zandleemstreek	OL binnen plan	39	eerste set	0.662771086122698	unclassified
POINT (3.092627 50.924747 0.0)	NA	vervanging	Zn_40654.1.3	Zandleemstreek	HOL buiten plan	51	reserve set	0.681735354738887	track
POINT (2.642556 50.963757 0.0)	NA	behouden	Zn_41561.8	Zandleemstreek	OL binnen plan	23	eerste set	0.659535119652466	track
POINT (3.804306 50.955193 0.0)	NA	behouden	Zn_41728.1.1	Zandleemstreek	HOL binnen plan	51	eerste set	0.18603044452088	unclassified
POINT (3.570043 50.843656 0.0)	NA	behouden	Zn_42291.6	Zandleemstreek	OL buiten plan	2	eerste set	0.78649036233318	unclassified
POINT (3.417364 50.757819 0.0)	NA	behouden	Zn_42598	Zandleemstreek	OL binnen plan	55	eerste set	0.604674199727002	unclassified
POINT (3.601205 50.876927 0.0)	NA	behouden	Zn_42724.9	Zandleemstreek	OL binnen plan	20	eerste set	0.787468677777654	unclassified
POINT (3.372164 50.966036 0.0)	NA	behouden	Zn_42819.1	Zandleemstreek	OL buiten plan	39	eerste set	0.533708702484612	unclassified
POINT (2.695077 51.002895 0.0)	NA	behouden	Zn_42945.1.1	Zandleemstreek	OL binnen plan	41	eerste set	0.620176736770418	unclassified
POINT (2.623022 50.915464 0.0)	NA	behouden	Zn_43074.1	Zandleemstreek	HOL binnen plan	8	eerste set	0.477718957046309	unclassified
POINT (4.912446 50.900282 0.0)	NA	behouden	Zn_43363.4	Zandleemstreek	HOL buiten plan	12	eerste set	0.418041714932562	track
POINT (3.921257 50.772054 0.0)	NA	behouden	Zn_44403.4	Zandleemstreek	HOL binnen plan	45	eerste set	0.275809700311069	unclassified
POINT (2.98975 50.862082 0.0)	NA	behouden	Zn_4451.2	Zandleemstreek	HOL buiten plan	17	eerste set	0.679628213781518	unclassified
POINT (3.568879 50.871267 0.0)	NA	vervanging	Zn_44800.3.3	Zandleemstreek	HOL binnen plan	61	reserve set	0.644709877916755	unclassified
POINT (4.015848 50.895167 0.0)	NA	behouden	Zn_44969.1.5	Zandleemstreek	HOL buiten plan	7	eerste set	0.451304440045201	unclassified
POINT (3.328234 51.043077 0.0)	NA	behouden	Zn_45358.1.2	Zandleemstreek	OL buiten plan	1	eerste set	0.589397427786193	unclassified
POINT (3.352137 51.022295 0.0)	NA	vervanging	Zn_45665.1.3	Zandleemstreek	HOL buiten plan	56	reserve set	0.406452439667137	track
POINT (4.096175 50.809627 0.0)	NA	behouden	Zn_46140.1	Zandleemstreek	OL binnen plan	52	eerste set	0.468462587840802	unclassified
POINT (3.007819 50.895761 0.0)	NA	behouden	Zn_46170.2.1	Zandleemstreek	HOL buiten plan	31	eerste set	0.200629921153978	track
POINT (2.759484 50.800379 0.0)	NA	behouden	Zn_46299.9	Zandleemstreek	OL binnen plan	22	eerste set	0.508272500927968	track
POINT (3.002587 50.854725 0.0)	NA	behouden	Zn_46371.1.1	Zandleemstreek	HOL buiten plan	44	eerste set	0.364008600383255	unclassified
POINT (4.965865 50.826307 0.0)	NA	behouden	Zn_4647.8	Zandleemstreek	OL binnen plan	51	eerste set	0.569153823588728	track
POINT (4.256152 50.770674 0.0)	NA	behouden	Zn_46987.4	Zandleemstreek	OL buiten plan	48	eerste set	0.474257225473508	track
POINT (2.824035 50.985798 0.0)	NA	behouden	Zn_47748.8	Zandleemstreek	HOL binnen plan	10	eerste set	0.46462458109701	track
POINT (3.08407 50.794687 0.0)	NA	behouden	Zn_47936.1	Zandleemstreek	HOL buiten plan	1	eerste set	0.626347649574113	track
POINT (4.60237 50.812921 0.0)	NA	vervanging	Zn_48113.1	Zandleemstreek	HOL binnen plan	52	reserve set	0.33322929139903	track
POINT (2.815435 50.827945 0.0)	NA	behouden	Zn_48774.8	Zandleemstreek	OL binnen plan	33	eerste set	0.737950865279773	unclassified
POINT (3.539268 50.790781 0.0)	NA	behouden	Zn_50440.5	Zandleemstreek	HOL binnen plan	11	eerste set	0.756313093622466	unclassified
POINT (3.586544 50.822131 0.0)	NA	behouden	Zn_50441.1.3	Zandleemstreek	OL buiten plan	18	eerste set	0.737348825006222	unclassified
POINT (2.882608 50.781577 0.0)	NA	behouden	Zn_51451.1	Zandleemstreek	HOL binnen plan	29	eerste set	0.486523796046684	track
POINT (4.571205 50.803301 0.0)	NA	behouden	Zn_52194.2	Zandleemstreek	OL binnen plan	53	eerste set	0.593762219769298	track
POINT (3.102808 50.837487 0.0)	NA	behouden	Zn_52249.3	Zandleemstreek	OL buiten plan	19	eerste set	0.461313359592588	unclassified
POINT (3.566274 50.911519 0.0)	NA	vervanging	Zn_53201.3	Zandleemstreek	HOL binnen plan	56	reserve set	0.64305426716453	unclassified
POINT (3.979918 50.831658 0.0)	NA	behouden	Zn_53732.7	Zandleemstreek	OL buiten plan	38	eerste set	0.455443466925633	track
POINT (4.079677 50.770012 0.0)	NA	behouden	Zn_54324.10	Zandleemstreek	HOL binnen plan	9	eerste set	0.518958715783073	track
POINT (3.562768 50.896216 0.0)	NA	behouden	Zn_55796.2	Zandleemstreek	OL binnen plan	43	eerste set	0.850306631327444	track
POINT (5.781885 51.090898 0.0)	NA	behouden	Zn_56164.18	Zandleemstreek	HOL binnen plan	6	eerste set	0.553576031510963	unclassified
POINT (5.772396 51.084103 0.0)	NA	behouden	Zn_56194.1.1	Zandleemstreek	HOL binnen plan	22	eerste set	0.588494367375902	unclassified
POINT (4.575892 50.824794 0.0)	NA	behouden	Zn_58403.2	Zandleemstreek	OL binnen plan	1	eerste set	0.431888641223843	unclassified
POINT (3.043006 50.815488 0.0)	NA	behouden	Zn_58710.9	Zandleemstreek	OL buiten plan	51	eerste set	0.711385838210279	track
POINT (4.237165 50.940433 0.0)	NA	behouden	Zn_5895.8	Zandleemstreek	OL buiten plan	20	eerste set	0.602567058769726	track
POINT (4.603634 50.846101 0.0)	NA	behouden	Zn_59.3	Zandleemstreek	HOL binnen plan	42	eerste set	0.426018748556877	track
POINT (4.136513 50.781683 0.0)	NA	behouden	Zn_59061.3	Zandleemstreek	HOL binnen plan	32	eerste set	0.393282808683692	track
POINT (3.943086 50.856561 0.0)	NA	behouden	Zn_59178.10	Zandleemstreek	HOL buiten plan	6	eerste set	0.390046842213487	track
POINT (2.66278 50.890212 0.0)	NA	behouden	Zn_59660.5	Zandleemstreek	HOL binnen plan	48	eerste set	0.562305615477303	track
POINT (3.705837 50.818766 0.0)	NA	behouden	Zn_60164.3	Zandleemstreek	HOL binnen plan	15	eerste set	0.306513754261115	track
POINT (3.212678 50.90329 0.0)	NA	vervanging	Zn_60212	Zandleemstreek	HOL buiten plan	61	reserve set	0.343539231083226	unclassified
POINT (3.613807 50.786358 0.0)	NA	behouden	Zn_61210.9	Zandleemstreek	HOL binnen plan	12	eerste set	0.558693373836122	unclassified
POINT (3.545274 50.797737 0.0)	NA	behouden	Zn_61289.6	Zandleemstreek	HOL binnen plan	26	eerste set	0.692271059525587	unclassified
POINT (2.823144 50.801367 0.0)	NA	behouden	Zn_62288.3	Zandleemstreek	OL binnen plan	29	eerste set	0.572841320264071	unclassified
POINT (2.834485 50.802075 0.0)	NA	behouden	Zn_62291.1.3	Zandleemstreek	OL binnen plan	36	eerste set	0.715901140261727	unclassified
POINT (3.315896 50.975218 0.0)	NA	behouden	Zn_62559.2	Zandleemstreek	OL buiten plan	6	eerste set	0.609340011846853	unclassified
POINT (4.033024 50.903108 0.0)	NA	behouden	Zn_62598.1	Zandleemstreek	HOL buiten plan	38	eerste set	0.271745928464744	track
POINT (2.941946 50.815195 0.0)	NA	vervanging	Zn_62685.1.2	Zandleemstreek	HOL buiten plan	60	reserve set	0.575550501494995	unclassified
POINT (2.846836 50.780428 0.0)	NA	behouden	Zn_62824.5.7	Zandleemstreek	OL binnen plan	50	eerste set	0.643731562472277	tertiary
POINT (3.949938 50.866799 0.0)	NA	behouden	Zn_63523.11	Zandleemstreek	OL buiten plan	27	eerste set	0.701075898525979	track
POINT (3.257201 50.980467 0.0)	NA	behouden	Zn_64276.2	Zandleemstreek	OL buiten plan	16	eerste set	0.563660206092752	unclassified
POINT (4.520266 50.933153 0.0)	NA	vervanging	Zn_65575	Zandleemstreek	HOL buiten plan	55	reserve set	0.578033917623343	track
POINT (4.033563 50.889512 0.0)	NA	vervanging	Zn_66105.3	Zandleemstreek	HOL buiten plan	54	reserve set	0.266854351242301	track
POINT (3.645786 50.803756 0.0)	NA	behouden	Zn_71412.1	Zandleemstreek	OL binnen plan	31	eerste set	0.298310955534279	unclassified
POINT (5.026278 50.850615 0.0)	NA	behouden	Zn_71703.1	Zandleemstreek	HOL binnen plan	28	eerste set	0.611522407838393	unclassified
POINT (4.141868 50.837214 0.0)	NA	behouden	Zn_72666.1	Zandleemstreek	HOL buiten plan	39	eerste set	0.369050687674076	track
POINT (3.849123 50.882431 0.0)	NA	behouden	Zn_73717.14	Zandleemstreek	HOL buiten plan	9	eerste set	0.588193347239143	track
POINT (2.807173 50.96523 0.0)	NA	behouden	Zn_73848.21	Zandleemstreek	OL binnen plan	13	eerste set	0.841050262121846	unclassified
POINT (2.806554 50.862919 0.0)	NA	behouden	Zn_75571.1	Zandleemstreek	OL buiten plan	24	eerste set	0.563434440990177	track
POINT (3.834127 50.985549 0.0)	NA	behouden	Zn_78379.1	Zandleemstreek	HOL buiten plan	41	eerste set	0.156530471117889	track
POINT (4.633402 50.83885 0.0)	NA	behouden	Zn_78494.10	Zandleemstreek	HOL binnen plan	50	eerste set	0.309523955628795	track
POINT (3.416284 50.770425 0.0)	NA	behouden	Zn_78785.2	Zandleemstreek	HOL binnen plan	33	eerste set	0.734865408877932	unclassified
POINT (2.874758 50.778384 0.0)	NA	vervanging	Zn_78905.5	Zandleemstreek	OL binnen plan	58	reserve set	0.593987984871853	unclassified
POINT (4.053332 51.012742 0.0)	NA	behouden	Zn_7926.10	Zandleemstreek	HOL binnen plan	27	eerste set	0.681584844670623	track
POINT (2.945434 50.798543 0.0)	NA	behouden	Zn_80725.2	Zandleemstreek	OL buiten plan	42	eerste set	0.793790100649738	tertiary
POINT (4.263826 50.941529 0.0)	NA	behouden	Zn_80740.1	Zandleemstreek	HOL buiten plan	23	eerste set	0.458453668293283	track
POINT (2.700618 50.835023 0.0)	NA	vervanging	Zn_81227.8	Zandleemstreek	HOL binnen plan	63	reserve set	0.561553065135398	track
POINT (5.180808 50.847904 0.0)	NA	behouden	Zn_81508.2	Zandleemstreek	HOL buiten plan	14	eerste set	0.211617156145916	track
POINT (5.012226 50.965245 0.0)	NA	behouden	Zn_82680.3	Zandleemstreek	HOL binnen plan	49	eerste set	0.760828395674025	track
POINT (5.002862 50.966547 0.0)	NA	behouden	Zn_82683.1	Zandleemstreek	OL binnen plan	11	eerste set	0.71921236176616	track
POINT (3.044542 50.805813 0.0)	NA	behouden	Zn_84722.3	Zandleemstreek	OL buiten plan	12	eerste set	0.692346314559855	track
POINT (3.030304 50.826831 0.0)	NA	behouden	Zn_86559.13	Zandleemstreek	OL buiten plan	43	eerste set	0.465151366336335	unclassified
POINT (4.261184 50.904978 0.0)	NA	behouden	Zn_8668.9	Zandleemstreek	OL binnen plan	17	eerste set	0.602717568838033	unclassified
POINT (5.733105 50.942757 0.0)	NA	behouden	Zn_86708.4	Zandleemstreek	HOL buiten plan	36	eerste set	0.573142340401	track
POINT (4.072917 50.780282 0.0)	NA	behouden	Zn_87488.5	Zandleemstreek	HOL binnen plan	46	eerste set	0.739455965963524	unclassified
POINT (5.07824 50.959645 0.0)	NA	behouden	Zn_88882	Zandleemstreek	HOL binnen plan	20	eerste set	0.252781659848519	track
POINT (2.952352 50.890292 0.0)	NA	behouden	Zn_88994.5.3	Zandleemstreek	OL buiten plan	8	eerste set	0.713869254338568	tertiary
POINT (3.55086 50.813801 0.0)	NA	behouden	Zn_89900.15	Zandleemstreek	OL buiten plan	32	eerste set	0.762408751391881	track
POINT (5.190852 50.875981 0.0)	NA	behouden	Zn_9019.1.4	Zandleemstreek	HOL buiten plan	27	eerste set	0.41405319812046	unclassified
POINT (5.176131 50.834678 0.0)	NA	behouden	Zn_9041.13	Zandleemstreek	HOL buiten plan	18	eerste set	0.710181757663207	unclassified
POINT (3.978657 50.76054 0.0)	NA	behouden	Zn_90455.1	Zandleemstreek	HOL binnen plan	16	eerste set	0.386961385811637	unclassified
POINT (3.548754 50.785218 0.0)	NA	vervanging	Zn_90653.4	Zandleemstreek	HOL binnen plan	60	reserve set	0.365287935964524	unclassified
POINT (3.564682 50.79655 0.0)	NA	behouden	Zn_90826.1	Zandleemstreek	OL binnen plan	6	eerste set	0.885977517534008	unclassified
POINT (3.779486 50.945282 0.0)	NA	behouden	Zn_91157.3	Zandleemstreek	HOL binnen plan	44	eerste set	0.512261017740081	track
POINT (4.994883 50.842955 0.0)	NA	behouden	Zn_91777.1	Zandleemstreek	HOL binnen plan	21	eerste set	0.478923037593451	tertiary
POINT (5.767253 51.062565 0.0)	NA	behouden	Zn_94452.3	Zandleemstreek	HOL binnen plan	3	eerste set	0.659384609584117	track
