"location_id","regio","hok","status","gereserveerd","jaar","laatste_bezoek","recall"
6231,"Afd Wal","ES8284","actief",0,"2019","2010-07-15",NULL
6068,"Afd Wal","ES8377","actief",1,"2019","2016-06-25","2021"
6230,"Afd Wal","ES8383","actief",0,"2019","2019-04-14",NULL
6229,"Afd Wal","ES8386","actief",0,"2019","2010-07-15",NULL
6067,"Afd Wal","ES8478","actief",1,"2019","2010-06-30","2021"
6066,"Afd Wal","ES8578","actief",1,"2019","2010-06-30","2021"
5870,"Afd Wal","ES8867","actief",0,"2019","2007-07-07",NULL
5869,"Afd Wal","ES8967","actief",0,"2020","2008-06-14",NULL
6061,"Afd Wal","ES9077","actief",1,"2019","2019-06-18",NULL
6060,"Afd Wal","ES9078","actief",1,"2021","2021-06-07",NULL
5868,"Afd Wal","ES9169","actief",0,"2020","2008-07-12",NULL
6055,"Afd Wal","ES9576","actief",0,"2020","2014-07-12",NULL
6052,"Afd Wal","ES9675","actief",0,"2020","2014-07-12",NULL
6323,"Antwerpen Noord","ES8791","actief",0,"2020","2017-07-11",NULL
6322,"Antwerpen Noord","ES8792","niet actief",1,NULL,"2018-07-07",NULL
6321,"Antwerpen Noord","ES8891","actief",0,"2020","2009-07-01",NULL
6219,"Antwerpen Noord","ES8988","actief",0,"2019","2013-07-11",NULL
6213,"Antwerpen Noord","ES9384","actief",1,"2019","2019-07-10",NULL
6212,"Antwerpen Noord","ES9386","actief",0,NULL,NULL,NULL
6320,"Antwerpen Noord","ES9390","actief",0,"2020","2017-06-19",NULL
6319,"Antwerpen Noord","ES9392","actief",0,"2021","2018-07-03",NULL
6058,"Antwerpen Noord","ES9470","actief",0,NULL,NULL,NULL
6211,"Antwerpen Noord","ES9480","niet actief",1,NULL,"2018-06-01",NULL
6210,"Antwerpen Noord","ES9580","actief",1,"2020","2017-07-09","2021"
6051,"Antwerpen Noord","ES9679","actief",1,"2021","2021-06-27",NULL
6050,"Antwerpen Noord","ES9777","actief",0,"2020","2011-07-06",NULL
6049,"Antwerpen Noord","ES9778","actief",0,NULL,NULL,NULL
6048,"Antwerpen Noord","ES9779","actief",1,"2020","2021-06-27","2021"
6209,"Antwerpen Noord","ES9781","actief",1,"2019","2019-07-14",NULL
6208,"Antwerpen Noord","ES9786","actief",0,"2019","2016-07-14",NULL
6318,"Antwerpen Noord","ES9790","actief",0,"2020","2014-06-07",NULL
6047,"Antwerpen Noord","ES9875","actief",1,"2021","2021-06-15",NULL
6046,"Antwerpen Noord","ES9876","actief",1,"2021","2021-06-15",NULL
6045,"Antwerpen Noord","ES9877","actief",1,"2019","2019-07-07",NULL
6205,"Antwerpen Noord","ES9980","actief",1,"2019","2019-06-23",NULL
6207,"Antwerpen Noord","ES9982","actief",1,"2021","2021-06-29",NULL
6206,"Antwerpen Noord","ES9988","actief",1,"2019","2019-06-28",NULL
6204,"Antwerpen Noord","FS0083","actief",0,"2019","2019-06-23",NULL
6203,"Antwerpen Noord","FS0088","actief",1,"2020","2020-06-13","2021"
6043,"Antwerpen Noord","FS0173","actief",1,"2019","2019-06-13",NULL
6042,"Antwerpen Noord","FS0176","actief",1,"2021","2021-06-14",NULL
6041,"Antwerpen Noord","FS0177","actief",1,"2020","2020-06-02",NULL
6202,"Antwerpen Noord","FS0187","actief",1,"2021","2018-06-11",NULL
6040,"Antwerpen Noord","FS0273","actief",1,"2019","2019-06-13",NULL
6201,"Antwerpen Noord","FS0282","actief",1,"2020","2020-07-09",NULL
6200,"Antwerpen Noord","FS0381","actief",1,"2019","2019-06-23",NULL
6199,"Antwerpen Noord","FS0389","actief",1,"2021","2021-06-06",NULL
6038,"Antwerpen Noord","FS0478","actief",0,"2019","2019-07-08",NULL
6198,"Antwerpen Noord","FS0480","actief",1,"2020","2020-06-21",NULL
6197,"Antwerpen Noord","FS0488","actief",1,"2020","2020-06-17",NULL
6196,"Antwerpen Noord","FS0489","actief",1,"2019","2019-06-10",NULL
6195,"Antwerpen Noord","FS0588","actief",1,"2020","2017-07-07","2021"
6037,"Antwerpen Noord","FS0679","actief",1,"2021","2021-07-09",NULL
6194,"Antwerpen Noord","FS0685","actief",1,"2019","2019-07-15",NULL
6193,"Antwerpen Noord","FS0780","actief",0,"2020","2017-07-12",NULL
6192,"Antwerpen Noord","FS0785","actief",1,"2021","2018-07-15",NULL
6298,"Antwerpen Noord","FS0791","actief",1,"2020","2014-06-02","2021"
5267,"Cinerea","ES5824","actief",1,"2019","2019-05-09",NULL
5525,"Cinerea","ES5940","actief",1,"2019","2019-07-09",NULL
5266,"Cinerea","ES6128","actief",1,"2020","2017-06-30","2021"
5376,"Cinerea","ES6137","actief",1,"2021","2021-06-10",NULL
5524,"Cinerea","ES6140","actief",1,"2020","2020-07-06",NULL
5523,"Cinerea","ES6145","actief",1,"2019","2019-07-10",NULL
5522,"Cinerea","ES6247","actief",1,"2021","2018-07-07",NULL
5375,"Cinerea","ES6334","actief",1,"2020","2021-07-04","2021"
5374,"Cinerea","ES6336","actief",1,"2021",NULL,NULL
5161,"Cinerea","ES6418","actief",1,"2020","2017-06-16","2021"
5373,"Cinerea","ES6430","actief",1,"2019","2019-06-22",NULL
5372,"Cinerea","ES6436","actief",1,"2021",NULL,NULL
5265,"Cinerea","ES6621","actief",1,"2019","2019-06-14",NULL
5264,"Cinerea","ES6723","actief",1,"2019","2019-06-22",NULL
5160,"Cinerea","ES6817","actief",1,"2019","2019-07-11",NULL
5371,"Cinerea","ES6839","actief",1,"2021","2021-05-29",NULL
5263,"Cinerea","ES6923","actief",1,"2021","2021-06-20",NULL
5262,"Cinerea","ES6924","actief",1,"2020","2021-06-12","2021"
5261,"Cinerea","ES6925","actief",1,"2020","2021-06-12","2021"
5370,"Cinerea","ES6939","actief",1,"2021","2021-05-30",NULL
5159,"Cinerea","ES7019","actief",1,"2021","2018-06-02",NULL
5521,"Cinerea","ES7149","actief",1,"2021","2018-07-01",NULL
5368,"Cinerea","ES7337","actief",1,"2020","2021-05-23","2021"
5260,"Cinerea","ES7427","actief",1,"2019","2019-06-23",NULL
5694,"Cinerea","ES7454","actief",1,"2020","2020-06-01",NULL
5259,"Cinerea","ES7527","actief",1,"2021","2021-06-13",NULL
5693,"Cinerea","ES7752","actief",1,"2020","2021-04-14","2021"
5520,"Cinerea","ES8044","actief",1,"2021","2018-04-13",NULL
5163,"Citrinella","ES6218","actief",0,"2019","2013-06-27",NULL
5158,"Citrinella","ES7518","actief",1,"2021","2021-05-31","2021"
5156,"Citrinella","ES7618","actief",1,"2019","2019-07-05",NULL
5258,"Citrinella","ES7726","actief",1,"2021","2012-03-12",NULL
5257,"Citrinella","ES7922","actief",1,"2019","2019-06-22",NULL
5256,"Citrinella","ES8124","actief",1,"2020","2014-06-22","2021"
5154,"Citrinella","ES8218","actief",0,NULL,NULL,NULL
5153,"Citrinella","ES8219","actief",0,"2020","2008-07-13",NULL
5255,"Citrinella","ES8429","actief",1,"2020","2011-06-12","2021"
5254,"Citrinella","ES8529","actief",1,"2020","2011-06-12","2021"
5152,"Citrinella","ES8716","actief",1,"2019","2010-07-14","2021"
5253,"Citrinella","ES8720","actief",0,"2019","2010-07-13",NULL
5252,"Citrinella","ES8925","actief",0,"2020",NULL,NULL
5151,"Citrinella","ES9017","actief",1,"2021","2009-07-11",NULL
5150,"Citrinella","ES9018","actief",1,"2021","2009-07-11",NULL
5149,"Citrinella","ES9117","actief",1,"2021","2009-07-11",NULL
5251,"Citrinella","ES9128","actief",1,"2021","2021-05-23","2021"
5148,"Citrinella","ES9217","actief",1,"2019",NULL,"2021"
5147,"Citrinella","ES9218","actief",1,"2020",NULL,"2021"
5250,"Citrinella","ES9222","actief",0,NULL,NULL,NULL
5249,"Citrinella","ES9326","actief",0,NULL,NULL,NULL
5146,"Citrinella","ES9419","actief",1,"2019","2016-07-11","2021"
5248,"Citrinella","ES9420","actief",1,"2020","2014-07-14","2021"
5247,"Citrinella","ES9522","actief",1,"2019","2016-06-27","2021"
5246,"Citrinella","ES9625","actief",1,"2020","2012-06-17","2021"
5245,"Citrinella","ES9725","actief",1,"2020","2014-03-29","2021"
5243,"Citrinella","ES9823","actief",0,"2020",NULL,NULL
5242,"Citrinella","ES9824","actief",1,"2021","2012-06-17",NULL
5240,"Citrinella","ES9825","actief",1,"2021","2012-05-01",NULL
5733,"De Torenvalk","ES1253","actief",1,"2019","2021-07-09","2021"
5732,"De Torenvalk","ES1452","actief",1,"2020","2020-07-09",NULL
5551,"De Torenvalk","ES1649","actief",1,"2021","2021-07-09",NULL
5549,"De Torenvalk","ES1745","actief",1,"2021","2021-05-31",NULL
5731,"De Torenvalk","ES1753","actief",1,"2019","2019-07-09",NULL
5913,"De Torenvalk","ES1762","actief",0,"2021","2015-07-15",NULL
5548,"De Torenvalk","ES1844","actief",1,"2019","2019-07-10",NULL
5547,"De Torenvalk","ES2044","actief",1,"2019",NULL,"2021"
5546,"De Torenvalk","ES2144","actief",1,"2021",NULL,NULL
5730,"De Torenvalk","ES2451","actief",1,"2020","2014-07-06","2021"
5729,"De Torenvalk","ES2454","actief",1,"2019",NULL,"2021"
5728,"De Torenvalk","ES2550","actief",1,"2021","2015-07-07",NULL
5727,"De Torenvalk","ES2554","actief",1,"2021",NULL,NULL
5545,"De Torenvalk","ES2649","actief",0,"2019","2007-07-15","2021"
5726,"De Torenvalk","ES2655","actief",1,"2019","2016-06-18","2021"
5725,"De Torenvalk","ES2659","actief",1,"2020","2014-06-28","2021"
5544,"De Torenvalk","ES2748","actief",0,"2021","2009-07-14",NULL
5724,"De Torenvalk","ES2755","actief",1,"2021","2015-06-27",NULL
5543,"De Torenvalk","ES2844","actief",1,"2020","2014-06-12","2021"
5542,"De Torenvalk","ES2847","actief",1,"2019","2016-07-15","2021"
5541,"De Torenvalk","ES2849","actief",0,"2020",NULL,"2021"
5244,"Dijleland","ES9922","actief",1,"2019","2015-07-05","2021"
5241,"Dijleland","ES9924","actief",1,"2021","2015-07-07",NULL
5239,"Dijleland","FS0021","actief",1,"2020","2015-05-30","2021"
5238,"Dijleland","FS0022","actief",1,"2019","2013-07-06","2021"
5237,"Dijleland","FS0023","actief",1,"2019","2013-07-06","2021"
5236,"Dijleland","FS0024","actief",1,"2021","2018-06-27",NULL
5235,"Dijleland","FS0025","actief",1,"2019","2019-06-18",NULL
5234,"Dijleland","FS0122","actief",1,"2020","2020-06-16",NULL
5233,"Dijleland","FS0124","actief",1,"2021","2018-06-27",NULL
5232,"Dijleland","FS0125","actief",1,"2019","2019-06-18",NULL
5231,"Dijleland","FS0222","actief",1,"2020","2020-06-16",NULL
5230,"Dijleland","FS0228","actief",0,"2020","2011-07-15",NULL
5229,"Dijleland","FS0229","actief",0,"2020","2011-07-15",NULL
5363,"Dijleland","FS0230","actief",0,"2020","2011-07-12",NULL
5228,"Dijleland","FS0324","actief",1,"2020","2020-06-21",NULL
5227,"Dijleland","FS0329","actief",0,"2020","2011-07-15",NULL
5362,"Dijleland","FS0330","actief",0,"2020","2011-07-12",NULL
5226,"Dijleland","FS0428","actief",1,"2020","2020-05-21",NULL
5225,"Dijleland","FS0429","actief",1,"2021","2021-06-27",NULL
5224,"Dijleland","FS0524","actief",1,"2021","2018-06-24",NULL
5223,"Dijleland","FS0529","actief",1,"2021","2021-03-28",NULL
5222,"Dijleland","FS0720","actief",1,"2020","2020-07-15",NULL
5221,"Dijleland","FS0728","actief",1,"2021","2021-05-12",NULL
5220,"Dijleland","FS0729","actief",1,"2021","2021-05-12",NULL
5358,"Dijleland","FS0731","actief",1,"2021","2021-07-10",NULL
5219,"Dijleland","FS0821","actief",1,"2020","2020-07-15",NULL
5218,"Dijleland","FS0922","actief",1,"2020","2011-07-07","2021"
5217,"Dijleland","FS1123","actief",0,NULL,NULL,NULL
5216,"Dijleland","FS1223","actief",0,NULL,NULL,NULL
5357,"Dijleland","FS1334","actief",1,"2019","2019-07-14",NULL
5356,"Dijleland","FS1530","actief",1,"2019","2019-06-30",NULL
5214,"Dijleland","FS1624","actief",1,"2021","2018-07-13",NULL
5213,"Dijleland","FS1627","actief",1,"2021","2021-05-22",NULL
5355,"Dijleland","FS1633","actief",1,"2019","2019-04-14","2021"
5212,"Dijleland","FS1728","actief",1,"2019","2019-07-07",NULL
5211,"Dijleland","FS1729","actief",1,"2019","2019-07-06",NULL
5354,"Dijleland","FS1832","actief",1,"2021","2021-07-14",NULL
5353,"Dijleland","FS1833","actief",1,"2020","2020-07-15",NULL
5351,"Dijleland","FS1834","actief",1,"2020","2021-06-27","2021"
5503,"Dijleland","FS1844","actief",1,"2021","2021-07-09",NULL
5208,"Dijleland","FS1928","actief",1,"2020","2020-03-27","2021"
5352,"Dijleland","FS1933","actief",1,"2020","2020-07-15",NULL
5350,"Dijleland","FS1935","actief",1,"2019","2019-07-14",NULL
5207,"Dijleland","FS2028","actief",1,"2021","2018-07-15",NULL
5206,"Dijleland","FS2129","actief",0,"2021","2021-06-13",NULL
5349,"Dijleland","FS2130","actief",1,"2019","2019-06-26",NULL
5348,"Dijleland","FS2132","actief",1,"2020","2020-06-21",NULL
5347,"Dijleland","FS2137","actief",1,"2019","2019-07-12",NULL
5346,"Dijleland","FS2138","actief",1,"2019","2019-06-09",NULL
5205,"Dijleland","FS2229","actief",1,"2021","2021-06-19",NULL
5345,"Dijleland","FS2230","actief",1,"2020","2020-06-03",NULL
5759,"Diksmuide","DS8150","actief",0,"2019","2007-07-15",NULL
5758,"Diksmuide","DS8350","actief",0,"2021",NULL,NULL
5757,"Diksmuide","DS8351","actief",0,"2020",NULL,NULL
5756,"Diksmuide","DS8352","actief",0,"2019","2007-07-08",NULL
5579,"Diksmuide","DS8441","actief",1,"2019","2021-03-29","2021"
5578,"Diksmuide","DS8445","actief",0,"2020","2008-06-24",NULL
5755,"Diksmuide","DS8451","actief",0,"2020",NULL,NULL
5577,"Diksmuide","DS8541","actief",1,"2019","2010-07-15","2021"
5576,"Diksmuide","DS8548","actief",0,"2019","2010-07-14",NULL
5575,"Diksmuide","DS8642","actief",0,"2019","2010-07-15",NULL
5574,"Diksmuide","DS8748","actief",1,"2021","2018-06-30",NULL
5754,"Diksmuide","DS8756","actief",1,"2020","2017-07-14","2021"
5573,"Diksmuide","DS8841","actief",0,"2019","2010-07-15",NULL
5572,"Diksmuide","DS8843","actief",0,"2019","2007-07-15",NULL
5570,"Diksmuide","DS8848","actief",0,"2019","2010-07-14",NULL
5753,"Diksmuide","DS8851","actief",1,"2019","2007-07-11","2021"
5751,"Diksmuide","DS8855","actief",0,"2021",NULL,NULL
5571,"Diksmuide","DS8945","actief",0,"2020","2008-07-11",NULL
5569,"Diksmuide","DS8948","actief",1,"2019","2010-07-14","2021"
5752,"Diksmuide","DS8951","actief",0,"2021",NULL,NULL
5568,"Diksmuide","DS9047","actief",0,"2020","2008-07-11",NULL
5567,"Diksmuide","DS9143","actief",0,"2019","2007-07-13",NULL
5566,"Diksmuide","DS9145","actief",1,"2019","2013-06-09","2021"
5750,"Diksmuide","DS9152","actief",0,"2021",NULL,NULL
5749,"Diksmuide","DS9154","actief",0,"2019","2010-04-13",NULL
5748,"Diksmuide","DS9450","actief",0,"2021",NULL,NULL
5746,"Diksmuide","DS9558","actief",1,"2021","2018-06-02",NULL
5564,"Diksmuide","DS9745","actief",1,"2021","2009-06-13",NULL
5563,"Diksmuide","DS9747","actief",1,"2019","2007-07-14","2021"
5699,"Durmevallei","ES6854","actief",1,"2019","2016-05-28","2021"
5884,"Durmevallei","ES6961","actief",1,"2021","2015-07-04",NULL
5883,"Durmevallei","ES6962","actief",1,"2019","2013-07-07","2021"
5882,"Durmevallei","ES6965","actief",1,"2021","2015-07-05",NULL
5881,"Durmevallei","ES6968","actief",1,"2021","2016-06-27",NULL
5698,"Durmevallei","ES7058","actief",1,"2019","2019-06-21",NULL
5697,"Durmevallei","ES7152","actief",0,"2020","2013-06-03",NULL
5696,"Durmevallei","ES7155","actief",1,"2021","2018-06-16",NULL
5880,"Durmevallei","ES7161","actief",1,"2020","2014-07-06","2021"
5695,"Durmevallei","ES7252","actief",0,"2019","2012-06-14",NULL
5692,"Durmevallei","ES7755","actief",0,"2020","2008-06-22",NULL
5691,"Durmevallei","ES7759","actief",1,"2020","2020-07-15",NULL
5879,"Durmevallei","ES7768","actief",1,"2019","2019-07-01",NULL
5878,"Durmevallei","ES7968","actief",1,"2021","2018-07-08",NULL
6070,"Durmevallei","ES7970","actief",1,"2019","2019-07-10",NULL
5877,"Durmevallei","ES8064","actief",1,"2021","2018-07-03",NULL
5876,"Durmevallei","ES8067","actief",1,"2020","2020-06-18",NULL
5875,"Durmevallei","ES8068","actief",1,"2019","2019-06-10",NULL
5688,"Durmevallei","ES8158","actief",1,"2020","2017-06-08","2021"
5874,"Durmevallei","ES8169","actief",1,"2020","2020-06-18",NULL
5873,"Durmevallei","ES8366","actief",0,"2021","2018-07-15",NULL
5192,"Fruitstreek","FS5120","actief",1,"2019","2016-07-09","2021"
5191,"Fruitstreek","FS5122","actief",1,"2020","2020-07-11",NULL
5145,"Fruitstreek","FS5218","actief",1,"2019","2016-07-09","2021"
5190,"Fruitstreek","FS5222","actief",1,"2020","2020-07-11",NULL
5189,"Fruitstreek","FS5226","actief",1,"2020","2020-06-16",NULL
5327,"Fruitstreek","FS5332","actief",1,"2020","2020-06-14",NULL
5326,"Fruitstreek","FS5431","actief",1,"2021","2018-06-17",NULL
5188,"Fruitstreek","FS5523","actief",1,"2021","2018-04-15",NULL
5325,"Fruitstreek","FS5531","actief",1,"2019","2019-06-09",NULL
5324,"Fruitstreek","FS5637","actief",1,"2021","2018-06-06",NULL
5187,"Fruitstreek","FS5722","actief",1,"2021","2018-04-15",NULL
5482,"Fruitstreek","FS5740","actief",0,"2020","2014-04-14",NULL
5481,"Fruitstreek","FS5841","actief",0,"2021","2009-06-17",NULL
5186,"Fruitstreek","FS6324","actief",1,"2020","2020-06-22",NULL
5323,"Fruitstreek","FS6331","actief",0,"2020","2017-07-09",NULL
5185,"Fruitstreek","FS6625","actief",1,"2020","2020-06-22",NULL
5322,"Fruitstreek","FS6731","actief",1,"2019","2019-06-22",NULL
5184,"Fruitstreek","FS6823","actief",1,"2019","2019-06-22",NULL
5183,"Fruitstreek","FS7025","actief",1,"2021","2021-07-10",NULL
5182,"Fruitstreek","FS7129","actief",1,"2021","2021-07-10",NULL
5321,"Fruitstreek","FS7133","actief",0,"2019","2016-06-26",NULL
5181,"Fruitstreek","FS7221","actief",0,"2020","2019-04-06",NULL
5180,"Fruitstreek","FS7422","actief",0,"2020",NULL,NULL
6022,"Geelse Vogelkijkers","FS3573","actief",1,"2020","2014-06-06","2021"
6019,"Geelse Vogelkijkers","FS3673","actief",1,"2019","2013-06-18","2021"
5841,"Geelse Vogelkijkers","FS3969","actief",0,"2019","2010-07-08",NULL
6016,"Geelse Vogelkijkers","FS3976","actief",1,"2019","2013-06-17","2021"
6015,"Geelse Vogelkijkers","FS4070","actief",1,"2019","2013-06-24","2021"
6014,"Geelse Vogelkijkers","FS4174","actief",1,"2020","2017-07-08","2021"
6013,"Geelse Vogelkijkers","FS4271","actief",1,"2021","2021-06-10",NULL
6012,"Geelse Vogelkijkers","FS4278","actief",1,"2020","2020-06-26",NULL
6011,"Geelse Vogelkijkers","FS4475","actief",1,"2020","2020-06-15",NULL
6010,"Geelse Vogelkijkers","FS4476","actief",1,"2019","2019-07-09",NULL
6009,"Geelse Vogelkijkers","FS4572","actief",0,"2019","2010-07-06",NULL
6008,"Geelse Vogelkijkers","FS4576","actief",1,"2021","2021-07-12",NULL
6007,"Geelse Vogelkijkers","FS4577","actief",1,"2019","2019-07-10",NULL
6006,"Geelse Vogelkijkers","FS4676","niet actief",0,NULL,"2012-05-30",NULL
5839,"Geelse Vogelkijkers","FS4764","actief",0,"2019","2010-07-09",NULL
5709,"Gent-Bovenschelde","ES4251","actief",1,"2019","2019-06-09",NULL
5707,"Gent-Bovenschelde","ES4352","actief",1,"2020","2020-06-07",NULL
5532,"Gent-Bovenschelde","ES4549","actief",1,"2019","2019-06-10",NULL
5706,"Gent-Bovenschelde","ES4857","actief",1,"2020","2015-05-25","2021"
5705,"Gent-Bovenschelde","ES4859","actief",1,"2020","2021-07-04","2021"
5530,"Gent-Bovenschelde","ES4948","actief",1,"2020","2020-07-14",NULL
5704,"Gent-Bovenschelde","ES5052","actief",1,"2020","2020-07-01",NULL
5703,"Gent-Bovenschelde","ES5157","actief",1,"2021","2021-06-27","2021"
5702,"Gent-Bovenschelde","ES5357","actief",1,"2020","2020-07-15",NULL
5893,"Gent-Bovenschelde","ES5361","actief",1,"2021","2017-04-10","2021"
5892,"Gent-Bovenschelde","ES5561","actief",1,"2021","2021-06-12","2021"
5891,"Gent-Bovenschelde","ES5565","actief",1,"2020","2021-05-01","2021"
5701,"Gent-Bovenschelde","ES5655","actief",1,"2019","2019-06-16",NULL
5526,"Gent-Bovenschelde","ES5748","actief",1,"2020","2017-06-25","2021"
5890,"Gent-Bovenschelde","ES5865","actief",1,"2019","2021-04-09","2021"
5889,"Gent-Bovenschelde","ES5866","actief",1,"2020","2021-06-09","2021"
5700,"Gent-Bovenschelde","ES5951","actief",1,"2019","2019-07-15",NULL
5888,"Gent-Bovenschelde","ES5966","actief",1,"2019","2021-04-09","2021"
5674,"Grote Nete","FS1755","actief",1,"2019","2013-04-17","2021"
5849,"Grote Nete","FS2564","actief",1,"2019","2016-04-14","2021"
5673,"Grote Nete","FS3054","actief",1,"2020","2020-06-16",NULL
5672,"Grote Nete","FS3458","actief",0,"2020",NULL,NULL
5847,"Grote Nete","FS3460","actief",0,"2021",NULL,NULL
5846,"Grote Nete","FS3465","actief",1,"2019","2010-04-07","2021"
5845,"Grote Nete","FS3563","actief",1,"2021","2018-04-14",NULL
5844,"Grote Nete","FS3566","actief",1,"2020","2014-04-24","2021"
5670,"Grote Nete","FS3757","actief",1,"2020","2014-04-05","2021"
5659,"Hasselt-Zonhoven","FS5750","actief",0,"2020","2008-06-10",NULL
5480,"Hasselt-Zonhoven","FS5849","actief",1,"2020","2020-07-04",NULL
5479,"Hasselt-Zonhoven","FS6148","actief",0,"2019","2013-07-12",NULL
5478,"Hasselt-Zonhoven","FS6149","actief",0,"2019","2016-04-17",NULL
5658,"Hasselt-Zonhoven","FS6152","niet actief",1,NULL,"2009-06-16",NULL
5657,"Hasselt-Zonhoven","FS6250","actief",0,"2021","2009-06-16",NULL
5477,"Hasselt-Zonhoven","FS6448","actief",1,"2019","2019-06-08",NULL
5476,"Hasselt-Zonhoven","FS6449","actief",0,"2020",NULL,NULL
5656,"Hasselt-Zonhoven","FS6450","actief",1,"2020","2017-06-24","2021"
5655,"Hasselt-Zonhoven","FS6451","actief",0,"2021","2012-06-28",NULL
5475,"Hasselt-Zonhoven","FS6549","actief",0,"2021","2009-06-29",NULL
5653,"Hasselt-Zonhoven","FS6550","actief",1,"2020","2017-07-13","2021"
5652,"Hasselt-Zonhoven","FS6554","actief",1,"2021","2021-06-27",NULL
5474,"Hasselt-Zonhoven","FS6643","actief",1,"2021","2021-07-06",NULL
5650,"Hasselt-Zonhoven","FS6650","actief",1,"2021","2018-06-26",NULL
5473,"Hasselt-Zonhoven","FS6744","actief",0,"2020","2019-07-13",NULL
5472,"Hasselt-Zonhoven","FS6746","actief",0,"2021","2015-07-11",NULL
5471,"Hasselt-Zonhoven","FS6845","actief",1,"2020","2014-07-07","2021"
5647,"Hasselt-Zonhoven","FS6853","actief",1,"2019","2016-06-23","2021"
5646,"Hasselt-Zonhoven","FS6953","actief",1,"2020","2017-07-01","2021"
5645,"Hasselt-Zonhoven","FS6954","actief",1,"2019","2013-06-25","2021"
5470,"Hasselt-Zonhoven","FS7044","actief",1,"2019","2016-07-08","2021"
5643,"Hasselt-Zonhoven","FS7051","actief",1,"2019","2019-06-11",NULL
5642,"Hasselt-Zonhoven","FS7052","actief",1,"2019","2019-06-26",NULL
5641,"Hasselt-Zonhoven","FS7053","actief",1,"2021","2018-05-15",NULL
5640,"Hasselt-Zonhoven","FS7054","actief",0,"2020","2014-07-05",NULL
5469,"Hasselt-Zonhoven","FS7146","actief",1,"2020","2017-07-01","2021"
5468,"Hasselt-Zonhoven","FS7147","actief",1,"2021","2018-06-30",NULL
5639,"Hasselt-Zonhoven","FS7151","actief",1,"2019","2019-06-30",NULL
5638,"Hasselt-Zonhoven","FS7152","actief",1,"2021","2021-06-07",NULL
5637,"Hasselt-Zonhoven","FS7153","actief",0,NULL,NULL,NULL
5636,"Hasselt-Zonhoven","FS7154","actief",0,"2020","2014-07-05",NULL
5467,"Hasselt-Zonhoven","FS7247","actief",0,NULL,NULL,NULL
5635,"Hasselt-Zonhoven","FS7250","actief",1,"2020","2020-06-18",NULL
5872,"Klein-Brabant","ES8661","actief",1,"2020","2014-06-24","2021"
5685,"Klein-Brabant","ES8956","actief",1,"2020","2009-05-31","2021"
5871,"Klein-Brabant","ES8963","actief",1,"2020","2008-07-06","2021"
5666,"Likona","FS4157","actief",0,"2019","2007-06-12",NULL
5840,"Likona","FS4162","actief",1,"2021","2021-03-23",NULL
5665,"Likona","FS4256","actief",1,"2019","2019-06-22",NULL
5664,"Likona","FS4356","actief",0,"2019","2007-06-17",NULL
5663,"Likona","FS4658","actief",1,"2020","2020-06-19","2021"
5487,"Likona","FS4843","actief",1,"2019","2016-06-21","2021"
5486,"Likona","FS5047","actief",1,"2020","2020-06-24","2021"
5838,"Likona","FS5061","actief",1,"2019",NULL,"2021"
5661,"Likona","FS5158","actief",0,NULL,NULL,NULL
5660,"Likona","FS5251","actief",1,"2021","2021-06-27",NULL
5483,"Likona","FS5343","actief",1,"2021","2018-04-15",NULL
5837,"Likona","FS5560","actief",0,NULL,NULL,NULL
5828,"Likona","FS6160","actief",0,NULL,NULL,NULL
5827,"Likona","FS6162","actief",0,NULL,NULL,NULL
5654,"Likona","FS6458","actief",0,"2021","2009-07-10",NULL
5810,"Likona","FS6460","actief",0,NULL,NULL,NULL
5651,"Likona","FS6559","actief",0,NULL,NULL,NULL
5807,"Likona","FS6560","actief",0,NULL,NULL,NULL
5649,"Likona","FS6657","actief",0,"2021","2009-07-10",NULL
5648,"Likona","FS6658","actief",0,NULL,NULL,NULL
5644,"Likona","FS6856","actief",0,"2021","2009-07-10",NULL
5632,"Likona","FS7351","actief",0,"2019","2010-06-25",NULL
5631,"Likona","FS7353","actief",0,"2019","2010-06-25",NULL
5466,"Likona","FS7448","actief",0,"2021","2009-06-22",NULL
5465,"Likona","FS7543","actief",0,"2020",NULL,NULL
5464,"Likona","FS7545","actief",0,"2021",NULL,NULL
5463,"Likona","FS7547","actief",0,"2021","2009-06-22",NULL
5626,"Likona","FS7554","actief",0,NULL,NULL,NULL
5961,"Likona","FS7575","actief",1,"2020","2020-06-17",NULL
5960,"Likona","FS7576","actief",1,NULL,"2021-06-10",NULL
5179,"Likona","FS7628","actief",1,"2021","2012-07-01",NULL
5462,"Likona","FS7646","actief",0,"2021","2009-05-30",NULL
5622,"Likona","FS7653","actief",0,"2020","2011-06-28",NULL
5959,"Likona","FS7672","actief",0,NULL,NULL,NULL
5178,"Likona","FS7726","actief",1,"2020","2011-07-02","2021"
5461,"Likona","FS7747","actief",0,NULL,NULL,NULL
5460,"Likona","FS7748","actief",0,NULL,NULL,NULL
5958,"Likona","FS7775","actief",0,NULL,NULL,NULL
5177,"Likona","FS7827","actief",1,"2020","2011-07-02","2021"
5459,"Likona","FS7847","actief",0,NULL,NULL,NULL
5458,"Likona","FS7848","actief",0,NULL,NULL,NULL
5617,"Likona","FS7855","actief",0,"2020","2011-06-28",NULL
5616,"Likona","FS7857","actief",0,NULL,NULL,NULL
5615,"Likona","FS7858","actief",0,"2020","2011-06-28",NULL
5614,"Likona","FS7950","actief",0,NULL,NULL,NULL
5320,"Likona","FS8035","actief",1,"2020","2011-07-01","2021"
5612,"Likona","FS8051","actief",0,NULL,NULL,NULL
5957,"Likona","FS8072","actief",0,"2020","2011-06-08",NULL
5176,"Likona","FS8127","actief",1,"2019","2010-07-09","2021"
5455,"Likona","FS8142","actief",0,"2021","2012-06-30",NULL
5793,"Likona","FS8160","actief",0,"2020","2011-06-26",NULL
5175,"Likona","FS8227","actief",1,"2019","2010-07-09","2021"
5319,"Likona","FS8236","actief",1,"2020","2011-07-01","2021"
5451,"Likona","FS8242","actief",0,"2021","2012-06-30",NULL
5449,"Likona","FS8248","actief",0,"2021",NULL,NULL
5448,"Likona","FS8249","actief",0,NULL,NULL,NULL
5611,"Likona","FS8250","actief",0,"2021","2012-06-08",NULL
5792,"Likona","FS8260","actief",0,"2020","2011-06-26",NULL
5791,"Likona","FS8261","actief",0,"2020","2011-06-26",NULL
5790,"Likona","FS8266","actief",0,NULL,NULL,NULL
5447,"Likona","FS8341","actief",0,"2021","2012-06-30",NULL
5445,"Likona","FS8347","actief",0,"2020",NULL,NULL
5610,"Likona","FS8350","actief",0,"2020","2014-05-05",NULL
5789,"Likona","FS8360","actief",0,"2020","2011-06-26",NULL
5443,"Likona","FS8443","actief",1,"2019",NULL,"2021"
5442,"Likona","FS8444","actief",1,"2019","2019-07-06",NULL
5441,"Likona","FS8445","actief",1,"2019","2019-07-06",NULL
5440,"Likona","FS8446","actief",1,"2021","2018-06-30",NULL
5439,"Likona","FS8447","actief",1,"2020","2017-07-02","2021"
5438,"Likona","FS8448","actief",1,"2020","2017-07-02","2021"
5437,"Likona","FS8449","actief",1,"2021","2018-03-26",NULL
5608,"Likona","FS8450","actief",0,"2019","2013-06-03",NULL
5605,"Likona","FS8454","actief",1,"2021","2021-07-11",NULL
5788,"Likona","FS8462","actief",0,"2020","2009-06-27",NULL
5956,"Likona","FS8473","actief",0,"2020","2011-06-08",NULL
5436,"Likona","FS8543","actief",0,"2019","2007-04-12",NULL
5435,"Likona","FS8544","actief",0,"2019","2007-07-10",NULL
5434,"Likona","FS8548","actief",0,"2021",NULL,NULL
5433,"Likona","FS8549","actief",1,"2020","2021-04-05",NULL
5603,"Likona","FS8552","actief",0,"2021",NULL,NULL
5787,"Likona","FS8562","actief",0,"2020",NULL,NULL
5786,"Likona","FS8564","actief",0,"2019","2007-06-17",NULL
5432,"Likona","FS8644","actief",0,"2019","2007-07-10",NULL
5431,"Likona","FS8645","actief",0,"2019","2007-07-10",NULL
5601,"Likona","FS8653","actief",0,"2020","2011-06-02",NULL
5600,"Likona","FS8655","actief",0,"2020","2011-06-02",NULL
5955,"Likona","FS8671","actief",0,NULL,NULL,NULL
5599,"Likona","FS8753","actief",1,"2021","2021-07-10",NULL
5598,"Likona","FS8754","actief",0,"2020","2011-06-02",NULL
5597,"Likona","FS8755","actief",0,NULL,NULL,NULL
5954,"Likona","FS8773","actief",0,NULL,NULL,NULL
5593,"Likona","FS8856","actief",0,"2021","2009-07-07",NULL
5592,"Likona","FS8857","actief",0,"2021","2009-07-07",NULL
5591,"Likona","FS8859","actief",0,"2021","2009-07-07",NULL
5953,"Likona","FS8872","actief",0,"2020","2011-06-08",NULL
5318,"Likona","FS8931","actief",1,"2019","2010-07-09","2021"
5594,"Likona","FS8955","actief",0,"2021",NULL,NULL
5785,"Likona","FS9061","actief",0,NULL,NULL,NULL
5952,"Likona","FS9172","actief",0,NULL,NULL,NULL
5174,"Likona","FS9225","actief",0,"2019",NULL,NULL
5951,"Likona","FS9273","actief",0,NULL,NULL,NULL
5781,"Likona","FS9368","actief",0,NULL,NULL,NULL
5780,"Likona","FS9464","actief",0,NULL,NULL,NULL
5776,"Likona","FS9764","actief",0,NULL,NULL,NULL
5775,"Likona","FS9765","actief",0,NULL,NULL,NULL
5772,"Likona","FS9969","actief",0,NULL,NULL,NULL
5949,"Likona","FS9970","actief",0,NULL,NULL,NULL
5173,"Likona","GS0023","actief",0,"2021","2018-07-06",NULL
5172,"Likona","GS0124","actief",1,"2019",NULL,"2021"
5171,"Likona","GS0127","actief",1,"2021","2012-06-27",NULL
5170,"Likona","GS0322","actief",0,NULL,NULL,NULL
5168,"Likona","GS0327","actief",1,"2019",NULL,"2021"
5169,"Likona","GS0425","actief",1,"2019",NULL,"2021"
6342,"Likona","GS0523","actief",0,"2019",NULL,NULL
6343,"Likona","GS0525","actief",0,"2019",NULL,NULL
5457,"Maasvallei","FS8046","actief",0,"2020",NULL,NULL
5456,"Maasvallei","FS8049","actief",0,"2021",NULL,NULL
5613,"Maasvallei","FS8050","actief",1,"2019","2019-07-14",NULL
5454,"Maasvallei","FS8144","actief",0,"2019","2007-07-15",NULL
5453,"Maasvallei","FS8145","actief",0,"2019","2007-07-15",NULL
5452,"Maasvallei","FS8149","actief",0,"2021",NULL,NULL
5450,"Maasvallei","FS8247","actief",0,"2020",NULL,NULL
5446,"Maasvallei","FS8346","actief",0,"2020",NULL,NULL
5444,"Maasvallei","FS8349","actief",1,"2020","2020-06-28",NULL
5609,"Maasvallei","FS8351","actief",0,"2020","2011-03-29",NULL
5607,"Maasvallei","FS8451","actief",0,"2020","2011-03-29",NULL
5606,"Maasvallei","FS8452","actief",0,"2019","2010-07-09",NULL
5604,"Maasvallei","FS8551","actief",0,"2021","2009-06-15",NULL
5602,"Maasvallei","FS8651","actief",0,"2021","2009-06-13",NULL
5596,"Maasvallei","FS8852","actief",0,"2021",NULL,NULL
5430,"Maasvallei","FS8945","actief",0,"2021",NULL,NULL
5429,"Maasvallei","FS9147","actief",0,"2019","2012-06-04",NULL
5784,"Maasvallei","FS9163","actief",0,"2020",NULL,NULL
5783,"Maasvallei","FS9165","actief",0,"2019",NULL,NULL
5782,"Maasvallei","FS9263","actief",0,"2021",NULL,NULL
5590,"Maasvallei","FS9356","actief",0,"2019","2010-05-02",NULL
5589,"Maasvallei","FS9358","actief",0,"2020","2008-07-13",NULL
5588,"Maasvallei","FS9459","actief",0,"2021",NULL,NULL
5779,"Maasvallei","FS9469","actief",1,"2020","2014-05-31","2021"
5778,"Maasvallei","FS9564","actief",0,"2020",NULL,NULL
5777,"Maasvallei","FS9566","actief",0,"2019","2007-06-22",NULL
5950,"Maasvallei","FS9772","actief",1,"2019","2013-06-30","2021"
5774,"Maasvallei","FS9868","actief",0,"2021",NULL,NULL
5773,"Maasvallei","FS9869","actief",1,"2021","2009-07-14",NULL
5562,"Mandelstreke","ES0044","actief",0,"2021","2009-07-13",NULL
5561,"Mandelstreke","ES0242","actief",1,"2021","2021-06-07",NULL
5560,"Mandelstreke","ES0344","actief",0,"2021","2009-07-13",NULL
5559,"Mandelstreke","ES0540","actief",0,"2021",NULL,NULL
5555,"Mandelstreke","ES0842","actief",0,"2021",NULL,NULL
5554,"Mandelstreke","ES0846","actief",1,"2021","2021-06-18",NULL
5553,"Mandelstreke","ES1341","actief",0,NULL,NULL,NULL
5552,"Mandelstreke","ES1541","actief",0,NULL,NULL,NULL
5550,"Mandelstreke","ES1741","actief",0,NULL,NULL,NULL
6283,"Markvallei","FS1599","actief",0,"2021","2015-05-15",NULL
6282,"Markvallei","FS1699","actief",0,"2019","2010-07-07",NULL
6176,"Markvallei","FS1989","actief",0,"2019",NULL,NULL
6281,"Markvallei","FS1994","actief",1,"2019","2019-06-25",NULL
6280,"Markvallei","FS2099","actief",0,"2021","2012-07-12",NULL
6279,"Markvallei","FS2196","actief",0,"2019","2013-07-10",NULL
6278,"Markvallei","FS2198","actief",0,"2020","2008-07-05",NULL
6172,"Markvallei","FS2288","actief",1,"2019","2019-06-24",NULL
6277,"Markvallei","FS2290","actief",1,"2020","2020-06-21","2021"
6276,"Markvallei","FS2392","actief",1,"2021","2021-04-19",NULL
6275,"Markvallei","FS2496","actief",1,"2019","2019-06-23",NULL
6273,"Markvallei","FS2898","actief",1,"2020","2020-04-14","2021"
6336,"Markvallei","FT1500","actief",0,"2020","2014-07-02",NULL
6334,"Markvallei","FT1900","actief",0,"2019","2014-05-30",NULL
6335,"Markvallei","FT1904","actief",0,"2020","2014-04-13",NULL
6333,"Markvallei","FT2002","actief",0,"2021","2012-07-04",NULL
6332,"Markvallei","FT2502","actief",1,"2020","2020-04-20",NULL
6331,"Markvallei","FT2506","actief",1,"2021","2021-06-01",NULL
5843,"Meanderland","FS3860","actief",1,"2019","2013-07-14","2021"
5842,"Meanderland","FS3862","actief",1,"2021","2015-07-11",NULL
6005,"Meanderland","FS4677","actief",0,"2021","2012-07-02",NULL
6158,"Meanderland","FS4780","actief",0,"2021","2009-07-12",NULL
6156,"Meanderland","FS4987","actief",1,"2020","2020-07-04",NULL
6155,"Meanderland","FS5080","actief",0,NULL,NULL,NULL
6154,"Meanderland","FS5081","actief",0,NULL,NULL,NULL
6004,"Meanderland","FS5175","actief",1,"2020","2017-06-22","2021"
6003,"Meanderland","FS5177","actief",0,"2020",NULL,NULL
6153,"Meanderland","FS5181","actief",1,"2021",NULL,NULL
6152,"Meanderland","FS5185","actief",0,"2021",NULL,NULL
6151,"Meanderland","FS5284","actief",1,"2020","2017-07-15","2021"
6150,"Meanderland","FS5286","actief",0,"2020","2011-06-09",NULL
6149,"Meanderland","FS5287","actief",0,NULL,NULL,NULL
6002,"Meanderland","FS5377","actief",1,"2021","2018-06-05",NULL
6001,"Meanderland","FS5378","actief",1,"2019","2019-06-13",NULL
6148,"Meanderland","FS5380","actief",1,"2019",NULL,"2021"
6147,"Meanderland","FS5382","actief",0,"2021","2018-07-01",NULL
6146,"Meanderland","FS5383","actief",0,"2021","2018-07-01",NULL
6145,"Meanderland","FS5388","actief",0,"2021",NULL,NULL
6000,"Meanderland","FS5474","actief",1,"2020","2017-06-18","2021"
5999,"Meanderland","FS5477","actief",1,"2021","2018-06-05",NULL
5998,"Meanderland","FS5478","actief",1,"2020","2020-06-04",NULL
6144,"Meanderland","FS5483","actief",0,"2021","2018-07-01",NULL
5836,"Meanderland","FS5569","actief",0,"2021","2018-07-15",NULL
5996,"Meanderland","FS5574","actief",1,"2019","2013-06-18","2021"
6143,"Meanderland","FS5585","actief",0,"2020","2011-06-09",NULL
5994,"Meanderland","FS5672","actief",1,"2019","2019-06-27",NULL
6142,"Meanderland","FS5684","actief",0,"2021",NULL,NULL
6141,"Meanderland","FS5685","actief",0,NULL,NULL,NULL
6140,"Meanderland","FS5686","actief",0,"2021",NULL,NULL
5684,"Mechels Rivierengebied","ES9658","actief",1,"2019","2007-06-22","2021"
5683,"Mechels Rivierengebied","ES9757","actief",1,"2019","2007-06-21","2021"
5682,"Mechels Rivierengebied","ES9758","actief",1,"2019","2007-06-20","2021"
5681,"Mechels Rivierengebied","ES9857","actief",1,"2020","2008-06-03","2021"
5680,"Mechels Rivierengebied","FS0157","actief",1,"2019","2019-06-23",NULL
5679,"Mechels Rivierengebied","FS0158","actief",1,"2020","2020-06-19",NULL
5677,"Mechels Rivierengebied","FS0454","actief",0,"2021","2018-07-13",NULL
5507,"Mechels Rivierengebied","FS0946","actief",0,"2020","2008-07-15",NULL
5506,"Mechels Rivierengebied","FS1048","actief",0,"2019","2007-06-11",NULL
5505,"Mechels Rivierengebied","FS1244","actief",1,"2019","2019-07-14",NULL
5676,"Mechels Rivierengebied","FS1257","actief",0,NULL,NULL,NULL
5504,"Mechels Rivierengebied","FS1448","actief",0,"2019",NULL,NULL
5675,"Mechels Rivierengebied","FS1550","actief",0,"2019",NULL,NULL
6246,"Mergus","ES0381","actief",1,"2020","2021-06-02","2021"
6116,"Mergus","ES0477","actief",1,"2021","2021-07-09",NULL
6115,"Mergus","ES0574","actief",1,"2019","2019-06-28",NULL
5917,"Mergus","ES0667","actief",1,"2021","2021-04-18",NULL
6114,"Mergus","ES0771","actief",1,"2020","2020-06-28",NULL
5915,"Mergus","ES0867","actief",1,"2019","2019-06-22",NULL
6113,"Mergus","ES0872","actief",1,"2021","2021-06-13",NULL
6111,"Mergus","ES0876","actief",1,"2020","2020-07-06",NULL
5916,"Mergus","ES0962","actief",1,"2020","2020-07-13",NULL
6112,"Mergus","ES0972","actief",1,"2021","2021-06-20",NULL
6245,"Mergus","ES0980","actief",1,"2021","2021-03-20",NULL
6244,"Mergus","ES1082","actief",0,"2019","2019-06-23",NULL
6110,"Mergus","ES1174","actief",1,"2020","2021-07-11","2021"
5914,"Mergus","ES1465","actief",1,"2019","2019-07-14",NULL
6109,"Mergus","ES1472","actief",1,"2021","2021-06-27",NULL
6108,"Mergus","ES1474","actief",1,"2021","2021-07-10",NULL
6243,"Mergus","ES1485","actief",1,"2019","2019-06-30",NULL
6107,"Mergus","ES1573","actief",1,"2020","2020-06-28",NULL
6106,"Mergus","ES1575","actief",1,"2020","2020-06-14",NULL
6105,"Mergus","ES1578","actief",1,"2021","2021-06-12",NULL
6104,"Mergus","ES1671","actief",1,"2021","2018-06-30",NULL
6103,"Mergus","ES1672","actief",1,"2019","2019-06-17",NULL
6102,"Mergus","ES1673","actief",1,"2019","2019-06-09",NULL
6242,"Mergus","ES1786","actief",0,"2019","2010-07-13",NULL
6100,"Mergus","ES1879","actief",1,"2020","2020-07-12",NULL
6241,"Mergus","ES1886","actief",1,"2021","2021-06-13",NULL
6101,"Mergus","ES1973","actief",1,"2019","2019-06-25",NULL
5912,"Mergus","ES2268","actief",1,"2019","2019-07-15",NULL
6240,"Mergus","ES2287","actief",1,"2019","2019-06-03",NULL
6324,"Mergus","ES2390","actief",1,"2019","2019-06-03",NULL
6239,"Mergus","ES2482","actief",1,"2021","2021-06-14",NULL
5911,"Mergus","ES2568","actief",1,"2020","2020-07-12",NULL
6238,"Mergus","ES2585","actief",1,"2019","2019-06-14",NULL
6099,"Mergus","ES2678","actief",1,"2021","2018-07-04",NULL
5910,"Mergus","ES2766","actief",1,"2020","2020-06-21",NULL
5909,"Mergus","ES2868","actief",1,"2021","2021-07-11",NULL
5935,"Middenkust","DS8464","actief",1,"2019","2019-07-10",NULL
5934,"Middenkust","DS8569","actief",1,"2019","2019-07-09",NULL
5933,"Middenkust","DS8862","actief",1,"2021","2021-06-27",NULL
5932,"Middenkust","DS8863","actief",1,"2020","2020-07-12",NULL
5931,"Middenkust","DS8865","actief",1,"2019","2019-06-12",NULL
5930,"Middenkust","DS9063","actief",1,"2021","2021-06-30",NULL
5929,"Middenkust","DS9064","actief",1,"2020","2020-06-11",NULL
5928,"Middenkust","DS9367","actief",1,"2020","2020-07-03",NULL
5927,"Middenkust","DS9460","actief",1,"2021","2021-07-09",NULL
5926,"Middenkust","DS9461","actief",1,"2020","2020-07-07",NULL
5925,"Middenkust","DS9463","actief",1,"2021","2021-07-11",NULL
6125,"Middenkust","DS9471","actief",1,"2019","2019-06-11",NULL
5924,"Middenkust","DS9562","actief",1,"2019","2019-07-06",NULL
5923,"Middenkust","DS9565","actief",1,"2020","2020-07-03",NULL
5922,"Middenkust","DS9665","actief",1,"2019","2019-06-11",NULL
6124,"Middenkust","DS9677","actief",1,"2020","2020-06-17",NULL
5921,"Middenkust","DS9768","actief",1,"2021","2021-05-30",NULL
6121,"Middenkust","DS9878","actief",1,"2021","2021-06-30",NULL
6123,"Middenkust","DS9976","actief",1,"2020","2020-06-10",NULL
6122,"Middenkust","DS9977","actief",1,"2019","2019-07-02",NULL
6120,"Middenkust","ES0079","actief",1,"2019","2019-07-09",NULL
6119,"Middenkust","ES0277","actief",1,"2020","2020-06-24",NULL
6247,"Middenkust","ES0280","actief",1,"2021","2021-07-08",NULL
6118,"Middenkust","ES0374","actief",1,"2021","2021-07-08",NULL
6117,"Middenkust","ES0473","actief",1,"2019","2019-07-02",NULL
5851,"Nete & Aa","FS2066","actief",1,"2019","2016-07-15","2021"
6032,"Nete & Aa","FS2072","actief",1,"2019","2020-04-13",NULL
5850,"Nete & Aa","FS2268","actief",1,"2019","2016-06-12","2021"
6174,"Nete & Aa","FS2280","actief",1,"2019","2019-06-02",NULL
6173,"Nete & Aa","FS2281","actief",1,"2021","2021-06-01",NULL
6171,"Nete & Aa","FS2381","actief",1,"2020","2020-06-02",NULL
6030,"Nete & Aa","FS2477","actief",1,"2019","2019-07-14",NULL
5848,"Nete & Aa","FS2569","actief",1,"2019","2016-06-05","2021"
6029,"Nete & Aa","FS2778","actief",1,"2019","2019-06-01",NULL
6028,"Nete & Aa","FS2870","actief",1,"2021","2021-06-19",NULL
6027,"Nete & Aa","FS2873","actief",1,"2019","2019-07-09","2021"
6026,"Nete & Aa","FS2879","actief",1,"2020","2020-06-01",NULL
6169,"Nete & Aa","FS2883","actief",1,"2021","2021-06-02",NULL
6025,"Nete & Aa","FS3174","actief",1,"2019","2019-06-17",NULL
6024,"Nete & Aa","FS3275","actief",1,"2019","2019-06-28",NULL
6316,"Noorderkempen","ES9795","actief",1,"2020","2020-06-20",NULL
6312,"Noorderkempen","ES9894","actief",1,"2021","2021-06-12",NULL
6311,"Noorderkempen","ES9895","actief",1,"2021","2021-06-13",NULL
6315,"Noorderkempen","ES9992","actief",1,"2020",NULL,"2021"
6313,"Noorderkempen","ES9993","actief",1,"2019","2019-06-28",NULL
6340,"Noorderkempen","ET9700","actief",1,"2019","2013-06-19","2021"
6339,"Noorderkempen","ET9902","actief",1,"2021","2015-06-16",NULL
6310,"Noorderkempen","FS0092","actief",1,"2021","2015-06-03",NULL
6309,"Noorderkempen","FS0093","actief",1,"2019","2019-06-23",NULL
6308,"Noorderkempen","FS0094","actief",1,"2019","2016-03-24","2021"
6307,"Noorderkempen","FS0096","actief",1,"2020","2017-07-07","2021"
6306,"Noorderkempen","FS0196","actief",1,"2019","2019-06-22",NULL
6305,"Noorderkempen","FS0291","actief",1,"2020","2017-05-26","2021"
6304,"Noorderkempen","FS0391","actief",1,"2020","2017-07-01","2021"
6303,"Noorderkempen","FS0399","actief",1,"2019",NULL,"2021"
6302,"Noorderkempen","FS0490","actief",1,"2021","2017-05-30","2021"
6301,"Noorderkempen","FS0499","actief",1,"2020","2017-07-09","2021"
6300,"Noorderkempen","FS0694","actief",0,"2021","2018-06-06",NULL
6299,"Noorderkempen","FS0695","actief",1,"2020","2020-06-28",NULL
6297,"Noorderkempen","FS0795","actief",1,"2020","2020-06-28",NULL
6294,"Noorderkempen","FS0998","actief",1,"2020","2008-06-08","2021"
6287,"Noorderkempen","FS1397","actief",1,"2021","2012-06-10",NULL
6286,"Noorderkempen","FS1495","actief",1,"2019",NULL,"2021"
6285,"Noorderkempen","FS1596","actief",1,"2019","2013-06-12","2021"
6284,"Noorderkempen","FS1597","actief",1,"2019","2011-06-11","2021"
6338,"Noorderkempen","FT0300","actief",1,"2020",NULL,"2021"
6337,"Noorderkempen","FT0304","actief",1,"2019","2007-06-03","2021"
5995,"Noord Limburg","FS5579","actief",0,"2019","2016-04-15",NULL
5992,"Noord Limburg","FS5676","actief",1,"2020","2020-07-11",NULL
5991,"Noord Limburg","FS5777","actief",0,"2020","2009-03-31",NULL
5989,"Noord Limburg","FS5877","actief",0,"2020","2009-04-23",NULL
5988,"Noord Limburg","FS5879","actief",1,"2019","2016-07-09","2021"
5990,"Noord Limburg","FS5974","actief",1,"2021","2021-06-27",NULL
6139,"Noord Limburg","FS6080","actief",1,"2019","2016-07-09","2021"
6138,"Noord Limburg","FS6081","actief",1,"2020","2017-07-11","2021"
5825,"Noord Limburg","FS6165","actief",0,NULL,NULL,NULL
5987,"Noord Limburg","FS6171","actief",1,"2019","2019-06-21",NULL
5986,"Noord Limburg","FS6178","actief",1,"2021","2021-06-25",NULL
5985,"Noord Limburg","FS6271","actief",0,"2019","2007-06-22",NULL
5984,"Noord Limburg","FS6272","actief",0,"2019","2007-06-19",NULL
5982,"Noord Limburg","FS6370","actief",0,"2019","2010-06-17",NULL
5981,"Noord Limburg","FS6371","actief",0,"2019","2007-06-22",NULL
5980,"Noord Limburg","FS6372","actief",0,"2019","2007-06-19",NULL
5979,"Noord Limburg","FS6373","actief",0,"2019","2007-06-19",NULL
5978,"Noord Limburg","FS6374","actief",1,"2020","2020-06-20",NULL
5976,"Noord Limburg","FS6376","actief",1,"2019","2021-05-16","2021"
5975,"Noord Limburg","FS6470","actief",0,"2019","2010-06-17",NULL
5974,"Noord Limburg","FS6471","actief",0,"2020","2008-06-01",NULL
5973,"Noord Limburg","FS6472","actief",0,"2019","2010-06-04",NULL
5972,"Noord Limburg","FS6474","actief",0,"2019",NULL,NULL
5971,"Noord Limburg","FS6475","actief",1,"2019","2016-07-06","2021"
5970,"Noord Limburg","FS6478","actief",1,"2020","2017-07-13","2021"
6137,"Noord Limburg","FS6482","actief",1,"2020","2020-07-02",NULL
6136,"Noord Limburg","FS6483","actief",1,"2020","2020-05-07",NULL
5802,"Noord Limburg","FS6569","actief",0,"2019",NULL,NULL
5969,"Noord Limburg","FS6571","actief",0,"2019","2010-06-13",NULL
5968,"Noord Limburg","FS6572","actief",0,"2019","2010-06-13",NULL
5967,"Noord Limburg","FS6672","actief",0,"2019","2010-06-13",NULL
5966,"Noord Limburg","FS6677","actief",0,"2020","2014-03-09",NULL
5965,"Noord Limburg","FS6679","actief",1,"2019","2019-06-22",NULL
5964,"Noord Limburg","FS6779","actief",1,"2019","2019-06-22",NULL
6135,"Noord Limburg","FS6780","actief",1,"2021","2021-06-27",NULL
6134,"Noord Limburg","FS6781","actief",1,"2021","2021-06-27",NULL
6133,"Noord Limburg","FS6880","actief",1,"2019","2019-07-08",NULL
6132,"Noord Limburg","FS6881","actief",1,"2019","2019-07-08",NULL
6131,"Noord Limburg","FS6882","actief",1,"2020","2020-06-26",NULL
5963,"Noord Limburg","FS6976","actief",1,"2019","2014-03-09","2021"
5799,"Noord Limburg","FS7062","actief",0,"2021","2009-05-30",NULL
5798,"Noord Limburg","FS7065","actief",0,"2021","2009-05-30",NULL
5797,"Noord Limburg","FS7161","actief",0,"2021","2009-05-30",NULL
5628,"Noord Limburg","FS7359","actief",0,"2019",NULL,NULL
5796,"Noord Limburg","FS7363","actief",0,"2019",NULL,NULL
5962,"Noord Limburg","FS7375","actief",1,"2019","2019-06-04",NULL
6130,"Noord Limburg","FS7384","actief",0,"2021",NULL,NULL
6129,"Noord Limburg","FS7484","actief",0,"2021",NULL,NULL
5623,"Noord Limburg","FS7559","actief",0,"2019",NULL,NULL
6128,"Noord Limburg","FS7584","actief",1,"2019",NULL,"2021"
6127,"Noord Limburg","FS7585","actief",0,"2019",NULL,NULL
5619,"Noord Limburg","FS7659","actief",0,"2019",NULL,NULL
5795,"Noord Limburg","FS7663","actief",0,"2019",NULL,NULL
6126,"Noord Limburg","FS7684","actief",0,"2019","2007-06-18",NULL
5794,"Noord Limburg","FS7761","actief",0,"2019",NULL,NULL
5723,"Noord-Oost-Vlaanderen","ES2759","actief",1,"2020","2020-06-03",NULL
6098,"Noord-Oost-Vlaanderen","ES2771","actief",0,"2021","2015-07-14",NULL
6097,"Noord-Oost-Vlaanderen","ES2875","actief",0,"2021","2015-06-08",NULL
6096,"Noord-Oost-Vlaanderen","ES2879","actief",0,"2019","2015-06-08",NULL
5908,"Noord-Oost-Vlaanderen","ES3161","actief",1,"2019","2019-04-02","2021"
5907,"Noord-Oost-Vlaanderen","ES3261","actief",1,"2019","2019-07-09",NULL
5906,"Noord-Oost-Vlaanderen","ES3266","actief",1,"2019","2019-06-22",NULL
5905,"Noord-Oost-Vlaanderen","ES3268","actief",1,"2020","2020-06-10",NULL
5721,"Noord-Oost-Vlaanderen","ES3358","actief",1,"2020","2020-06-16",NULL
5720,"Noord-Oost-Vlaanderen","ES3359","actief",1,"2021","2021-05-12",NULL
5904,"Noord-Oost-Vlaanderen","ES3361","actief",1,"2021","2021-05-17",NULL
6095,"Noord-Oost-Vlaanderen","ES3374","actief",1,"2021","2021-07-08",NULL
5719,"Noord-Oost-Vlaanderen","ES3456","actief",1,"2021","2021-05-28",NULL
5903,"Noord-Oost-Vlaanderen","ES3468","actief",1,"2021","2021-06-06",NULL
6094,"Noord-Oost-Vlaanderen","ES3470","actief",1,"2021","2021-07-03",NULL
5718,"Noord-Oost-Vlaanderen","ES3557","actief",1,"2021","2021-06-16",NULL
5717,"Noord-Oost-Vlaanderen","ES3558","actief",1,"2021","2021-06-16",NULL
5902,"Noord-Oost-Vlaanderen","ES3566","actief",1,"2019","2019-06-08",NULL
5901,"Noord-Oost-Vlaanderen","ES3664","actief",1,"2021","2018-07-05",NULL
5900,"Noord-Oost-Vlaanderen","ES3666","actief",1,"2020","2020-07-09",NULL
6093,"Noord-Oost-Vlaanderen","ES3678","actief",1,"2019","2019-07-06",NULL
5716,"Noord-Oost-Vlaanderen","ES3754","actief",1,"2020","2020-06-29",NULL
5715,"Noord-Oost-Vlaanderen","ES3759","actief",1,"2020","2020-06-12",NULL
5712,"Noord-Oost-Vlaanderen","ES3855","actief",1,"2020","2020-07-07",NULL
5899,"Noord-Oost-Vlaanderen","ES3866","actief",1,"2019","2019-07-13",NULL
5713,"Noord-Oost-Vlaanderen","ES3953","actief",1,"2020","2020-06-25",NULL
5711,"Noord-Oost-Vlaanderen","ES3959","actief",1,"2020","2020-06-07",NULL
5898,"Noord-Oost-Vlaanderen","ES3968","actief",1,"2020",NULL,"2021"
6092,"Noord-Oost-Vlaanderen","ES3977","actief",1,"2021","2021-07-05",NULL
6237,"Noord-Oost-Vlaanderen","ES3982","actief",1,"2021","2021-06-27",NULL
6091,"Noord-Oost-Vlaanderen","ES4079","actief",1,"2020","2020-06-25",NULL
6236,"Noord-Oost-Vlaanderen","ES4081","actief",1,"2020","2020-06-23",NULL
5710,"Noord-Oost-Vlaanderen","ES4157","actief",1,"2019","2019-05-26",NULL
5708,"Noord-Oost-Vlaanderen","ES4256","actief",1,"2021","2021-06-19",NULL
6090,"Noord-Oost-Vlaanderen","ES4273","actief",1,"2020","2020-06-14",NULL
6089,"Noord-Oost-Vlaanderen","ES4275","actief",1,"2019","2019-06-02",NULL
6235,"Noord-Oost-Vlaanderen","ES4482","actief",1,"2019","2019-07-07",NULL
5897,"Noord-Oost-Vlaanderen","ES4563","actief",1,"2019","2019-07-14",NULL
6088,"Noord-Oost-Vlaanderen","ES4578","actief",1,"2021","2021-06-08",NULL
6234,"Noord-Oost-Vlaanderen","ES4581","actief",1,"2020","2020-06-21",NULL
5896,"Noord-Oost-Vlaanderen","ES4665","actief",1,"2020","2020-07-15",NULL
6087,"Noord-Oost-Vlaanderen","ES4674","niet actief",0,NULL,"2009-04-15",NULL
6086,"Noord-Oost-Vlaanderen","ES4676","actief",1,"2019","2019-07-15",NULL
6085,"Noord-Oost-Vlaanderen","ES4776","actief",1,"2021","2021-07-04",NULL
6083,"Noord-Oost-Vlaanderen","ES4872","actief",1,"2019","2019-06-30",NULL
5895,"Noord-Oost-Vlaanderen","ES4966","actief",1,"2020","2020-07-15",NULL
5894,"Noord-Oost-Vlaanderen","ES4967","actief",1,"2021","2018-06-30",NULL
6084,"Noord-Oost-Vlaanderen","ES4971","actief",1,"2021","2021-05-30",NULL
6082,"Noord-Oost-Vlaanderen","ES4972","actief",1,"2020","2020-07-12",NULL
6081,"Noord-Oost-Vlaanderen","ES4975","actief",1,"2020","2020-06-14",NULL
6233,"Noord-Oost-Vlaanderen","ES5180","actief",1,"2021","2021-04-15",NULL
6080,"Noord-Oost-Vlaanderen","ES5271","actief",1,"2021","2021-07-07",NULL
6079,"Noord-Oost-Vlaanderen","ES5375","actief",1,"2020","2015-06-04",NULL
6078,"Noord-Oost-Vlaanderen","ES5479","actief",1,"2019","2018-07-13",NULL
6077,"Noord-Oost-Vlaanderen","ES6073","actief",1,"2019","2019-07-12",NULL
5887,"Noord-Oost-Vlaanderen","ES6166","actief",1,"2019","2019-06-22",NULL
6076,"Noord-Oost-Vlaanderen","ES6172","actief",1,"2019","2019-07-12",NULL
5886,"Noord-Oost-Vlaanderen","ES6266","actief",1,"2019","2019-06-22",NULL
6075,"Noord-Oost-Vlaanderen","ES6373","actief",1,"2020","2020-07-15","2021"
5885,"Noord-Oost-Vlaanderen","ES6568","actief",1,"2019","2019-06-26",NULL
6074,"Noord-Oost-Vlaanderen","ES6674","actief",1,"2021","2021-05-28",NULL
5519,"Noordwest-Brabant","ES8142","actief",1,"2021","2015-07-10",NULL
5367,"Noordwest-Brabant","ES8333","actief",1,"2019","2019-07-14",NULL
5366,"Noordwest-Brabant","ES8433","actief",1,"2019","2019-07-14",NULL
5365,"Noordwest-Brabant","ES8939","actief",1,"2021","2018-06-29","2021"
5517,"Noordwest-Brabant","ES8949","actief",1,"2021","2009-06-20",NULL
5686,"Noordwest-Brabant","ES8952","actief",0,"2019","2019-06-21",NULL
5515,"Noordwest-Brabant","ES9848","actief",1,"2021","2018-07-10",NULL
5364,"Noordwest-Brabant","ES9939","actief",1,"2020","2020-06-20",NULL
5514,"Noordwest-Brabant","ES9940","actief",1,"2020","2020-06-19",NULL
5516,"Noordwest-Brabant","ES9944","actief",1,"2019","2019-06-15",NULL
5513,"Noordwest-Brabant","FS0041","actief",1,"2021","2021-06-27",NULL
5512,"Noordwest-Brabant","FS0043","actief",1,"2020","2020-06-15",NULL
5361,"Noordwest-Brabant","FS0331","actief",1,"2021","2015-06-24",NULL
5359,"Noordwest-Brabant","FS0531","actief",1,"2020","2020-06-16",NULL
5509,"Noordwest-Brabant","FS0549","actief",1,"2020","2020-06-19",NULL
5508,"Noordwest-Brabant","FS0649","actief",1,"2019","2020-06-19",NULL
5502,"Oost-Brabant","FS2441","actief",1,"2020","2020-06-23",NULL
5204,"Oost-Brabant","FS2629","actief",1,"2019","2019-06-24",NULL
5501,"Oost-Brabant","FS2841","actief",1,"2021","2020-07-11",NULL
5203,"Oost-Brabant","FS3028","actief",0,"2019","2007-07-01",NULL
5344,"Oost-Brabant","FS3031","actief",1,"2021","2009-06-20",NULL
5343,"Oost-Brabant","FS3032","actief",1,"2019","2010-06-06","2021"
5202,"Oost-Brabant","FS3129","actief",0,"2020","2008-04-18",NULL
5342,"Oost-Brabant","FS3134","actief",0,"2020","2011-06-12",NULL
5500,"Oost-Brabant","FS3143","actief",1,"2021","2012-05-24",NULL
5499,"Oost-Brabant","FS3147","actief",1,"2019","2020-04-04",NULL
5498,"Oost-Brabant","FS3244","actief",1,"2021","2012-04-06",NULL
5497,"Oost-Brabant","FS3342","actief",0,"2019","2010-07-15",NULL
5341,"Oost-Brabant","FS3432","actief",1,"2021","2021-06-12",NULL
5201,"Oost-Brabant","FS3524","actief",0,"2019","2015-07-15",NULL
5496,"Oost-Brabant","FS3543","actief",0,"2019","2010-07-13",NULL
5340,"Oost-Brabant","FS3633","actief",1,"2020","2020-06-13",NULL
5200,"Oost-Brabant","FS3723","actief",0,NULL,NULL,NULL
5199,"Oost-Brabant","FS3724","actief",0,"2020",NULL,NULL
5339,"Oost-Brabant","FS3732","actief",1,"2019","2019-06-02",NULL
5495,"Oost-Brabant","FS3741","actief",0,NULL,"2008-06-13",NULL
5494,"Oost-Brabant","FS3742","actief",1,"2021","2021-06-11",NULL
5493,"Oost-Brabant","FS3743","actief",1,"2021","2021-06-11",NULL
5671,"Oost-Brabant","FS3755","actief",1,"2019","2019-06-21",NULL
5492,"Oost-Brabant","FS3849","actief",0,"2021","2009-07-11",NULL
5669,"Oost-Brabant","FS3853","actief",1,"2020","2020-06-17",NULL
5668,"Oost-Brabant","FS3955","actief",0,"2019","2007-07-01",NULL
5198,"Oost-Brabant","FS4028","actief",0,"2021","2009-04-12",NULL
5338,"Oost-Brabant","FS4033","actief",1,"2020","2020-06-20",NULL
5491,"Oost-Brabant","FS4044","actief",0,"2020","2011-05-29",NULL
5667,"Oost-Brabant","FS4056","actief",0,"2019","2013-06-16",NULL
5337,"Oost-Brabant","FS4232","actief",1,"2021","2021-06-09",NULL
5197,"Oost-Brabant","FS4323","actief",0,"2020","2008-06-23",NULL
5196,"Oost-Brabant","FS4327","actief",0,"2019","2010-04-14",NULL
5195,"Oost-Brabant","FS4422","actief",0,"2020","2008-06-23",NULL
5194,"Oost-Brabant","FS4428","actief",1,"2019","2010-04-14","2021"
5336,"Oost-Brabant","FS4430","actief",0,"2021","2009-04-12",NULL
5335,"Oost-Brabant","FS4435","actief",1,"2020","2016-03-01","2021"
5490,"Oost-Brabant","FS4440","actief",1,"2019","2016-06-14","2021"
5193,"Oost-Brabant","FS4528","actief",1,"2019",NULL,"2021"
5334,"Oost-Brabant","FS4535","actief",1,"2020","2017-06-27","2021"
5333,"Oost-Brabant","FS4538","actief",0,"2019","2013-05-05",NULL
5332,"Oost-Brabant","FS4539","actief",0,"2021","2009-05-23",NULL
5489,"Oost-Brabant","FS4549","actief",1,"2019","2016-07-09","2021"
5331,"Oost-Brabant","FS4637","actief",0,"2021","2012-05-01",NULL
5488,"Oost-Brabant","FS4641","actief",0,"2020","2011-05-29",NULL
5330,"Oost-Brabant","FS4739","actief",1,"2020","2020-06-21",NULL
5662,"Oost-Brabant","FS4855","actief",0,"2019","2007-07-07",NULL
5329,"Oost-Brabant","FS4931","actief",0,"2021","2012-05-01",NULL
5328,"Oost-Brabant","FS5035","actief",0,"2019","2013-05-05",NULL
5485,"Oost-Brabant","FS5142","actief",1,"2019","2019-06-22",NULL
5484,"Oost-Brabant","FS5241","actief",1,"2021","2021-06-24",NULL
5867,"Rupelstreek","ES9363","actief",1,"2019","2016-06-06","2021"
5866,"Rupelstreek","ES9462","actief",1,"2019","2016-05-03","2021"
5865,"Rupelstreek","ES9668","actief",1,"2021","2021-05-25",NULL
5864,"Rupelstreek","ES9968","actief",1,"2019","2016-06-30","2021"
5862,"Rupelstreek","FS0167","actief",1,"2019","2016-06-30","2021"
5678,"Rupelstreek","FS0259","actief",1,"2021","2021-06-14",NULL
5690,"'S Heerenbosch","ES7852","actief",1,"2021","2018-07-11",NULL
5689,"'S Heerenbosch","ES7950","actief",1,"2021","2018-07-11",NULL
5518,"'S Heerenbosch","ES8149","actief",1,"2021","2015-07-03",NULL
5687,"'S Heerenbosch","ES8252","actief",1,"2019","2019-07-15",NULL
6073,"Stekene - Sint-Gillis-Waas","ES6977","actief",0,NULL,NULL,NULL
6072,"Stekene - Sint-Gillis-Waas","ES7577","actief",1,"2019","2019-06-30",NULL
6071,"Stekene - Sint-Gillis-Waas","ES7677","actief",1,"2020","2020-05-08",NULL
6069,"Stekene - Sint-Gillis-Waas","ES8078","actief",1,"2020","2020-06-14",NULL
6232,"Stekene - Sint-Gillis-Waas","ES8080","actief",1,"2019","2019-06-16",NULL
6062,"Stekene - Sint-Gillis-Waas","ES8975","actief",1,"2021","2021-06-27",NULL
6170,"Taxandria","FS2588","actief",1,"2021","2021-06-05",NULL
6168,"Taxandria","FS2985","actief",1,"2020","2020-06-01",NULL
6272,"Taxandria","FS3094","actief",1,"2019","2013-05-20","2021"
6271,"Taxandria","FS3097","actief",1,"2020","2020-07-13",NULL
6167,"Taxandria","FS3185","actief",1,"2019","2019-06-09",NULL
6270,"Taxandria","FS3293","actief",1,"2020","2020-06-10",NULL
6166,"Taxandria","FS3380","actief",1,"2019","2019-06-29",NULL
6165,"Taxandria","FS3381","actief",1,"2020","2020-06-13",NULL
6269,"Taxandria","FS3392","actief",1,"2021","2021-06-05",NULL
6023,"Taxandria","FS3478","actief",1,"2019","2019-06-11",NULL
6164,"Taxandria","FS3487","actief",1,"2019","2019-06-16",NULL
6267,"Taxandria","FS3492","actief",1,"2019","2019-07-09",NULL
6021,"Taxandria","FS3577","actief",1,"2020","2021-05-14","2021"
6020,"Taxandria","FS3578","actief",1,"2021","2021-06-08",NULL
6018,"Taxandria","FS3677","actief",1,"2021","2021-06-08",NULL
6163,"Taxandria","FS3688","actief",1,"2020","2020-06-07",NULL
6265,"Taxandria","FS3696","actief",1,"2021","2021-06-06",NULL
6017,"Taxandria","FS3778","actief",0,"2020","2008-06-01",NULL
6162,"Taxandria","FS3784","actief",1,"2020","2020-06-03",NULL
6264,"Taxandria","FS3791","actief",1,"2021","2021-06-12",NULL
6263,"Taxandria","FS3795","actief",1,"2019","2019-06-10",NULL
6262,"Taxandria","FS3892","actief",1,"2020","2008-07-06","2021"
6261,"Taxandria","FS3893","actief",1,"2021","2018-07-01",NULL
6161,"Taxandria","FS3980","actief",1,"2019","2019-06-17",NULL
6160,"Taxandria","FS4189","actief",1,"2020","2020-06-14",NULL
6260,"Taxandria","FS4293","actief",0,"2019","2016-06-15","2021"
6259,"Taxandria","FS4294","actief",0,"2020","2014-06-13","2021"
6258,"Taxandria","FS4295","actief",0,"2020","2014-06-14","2021"
6257,"Taxandria","FS4296","actief",0,"2019","2016-06-20","2021"
6256,"Taxandria","FS4391","actief",0,"2019","2007-07-15",NULL
6255,"Taxandria","FS4490","actief",0,"2021","2009-07-03",NULL
6254,"Taxandria","FS4590","actief",1,"2021","2021-06-23",NULL
6253,"Taxandria","FS4591","actief",1,"2020","2020-06-10",NULL
6159,"Taxandria","FS4681","actief",0,"2021","2009-07-12",NULL
6252,"Taxandria","FS4691","actief",1,"2021","2021-06-01",NULL
6251,"Taxandria","FS4692","actief",1,"2020","2017-06-04","2021"
6250,"Taxandria","FS4791","actief",1,"2019","2019-06-21",NULL
6249,"Taxandria","FS4792","actief",1,"2019","2019-06-15",NULL
6157,"Taxandria","FS4883","actief",1,"2021","2021-06-06",NULL
6248,"Taxandria","FS4890","actief",1,"2019","2019-06-29",NULL
6328,"Taxandria","FT3900","actief",0,"2021","2009-07-13",NULL
6327,"Taxandria","FT4200","actief",0,NULL,NULL,NULL
6326,"Taxandria","FT4203","actief",0,"2021","2009-07-13",NULL
6325,"Taxandria","FT4300","actief",0,"2021","2009-07-13",NULL
5747,"Torhout","DS9457","actief",1,"2020","2021-03-30","2021"
5745,"Torhout","DS9652","actief",1,"2019","2019-06-18",NULL
5744,"Torhout","DS9853","actief",1,"2019","2019-06-18",NULL
5743,"Torhout","DS9855","actief",1,"2021","2018-06-28",NULL
5920,"Torhout","DS9862","actief",1,"2019","2019-07-13",NULL
5919,"Torhout","DS9863","actief",1,"2021","2021-05-23",NULL
5742,"Torhout","DS9955","actief",1,"2021","2018-06-28",NULL
5741,"Torhout","DS9959","actief",1,"2019","2019-07-14",NULL
5918,"Torhout","ES0062","actief",1,"2020","2020-07-15",NULL
5740,"Torhout","ES0156","actief",1,"2020","2020-06-16",NULL
5739,"Torhout","ES0253","actief",1,"2020","2020-06-16",NULL
5738,"Torhout","ES0357","actief",1,"2019","2019-07-11",NULL
5737,"Torhout","ES0654","actief",1,"2021","2018-06-28",NULL
5736,"Torhout","ES0657","actief",1,"2019","2019-07-11",NULL
5735,"Torhout","ES0757","actief",1,"2020","2020-07-13",NULL
5734,"Torhout","ES0759","actief",1,"2020","2020-07-13",NULL
5540,"Vlaamse Ardennen Plus","ES3141","actief",1,"2019","2019-06-09",NULL
5539,"Vlaamse Ardennen Plus","ES3145","actief",1,"2020","2020-06-07",NULL
5722,"Vlaamse Ardennen Plus","ES3250","actief",1,"2021","2021-06-06",NULL
5285,"Vlaamse Ardennen Plus","ES3323","actief",1,"2021","2021-06-24",NULL
5284,"Vlaamse Ardennen Plus","ES3522","actief",1,"2021","2021-07-09",NULL
5283,"Vlaamse Ardennen Plus","ES3523","actief",1,"2019","2019-06-26",NULL
5282,"Vlaamse Ardennen Plus","ES3624","actief",1,"2020","2020-06-15",NULL
5390,"Vlaamse Ardennen Plus","ES3630","actief",1,"2021","2021-05-29",NULL
5389,"Vlaamse Ardennen Plus","ES3635","actief",1,"2021","2021-05-31",NULL
5388,"Vlaamse Ardennen Plus","ES3730","actief",1,"2021","2021-03-29",NULL
5387,"Vlaamse Ardennen Plus","ES3731","actief",1,"2020","2020-06-20",NULL
5538,"Vlaamse Ardennen Plus","ES3746","actief",1,"2021","2021-05-30",NULL
5537,"Vlaamse Ardennen Plus","ES3747","actief",1,"2021","2021-03-07",NULL
5279,"Vlaamse Ardennen Plus","ES3826","actief",1,"2021","2021-07-09",NULL
5278,"Vlaamse Ardennen Plus","ES3829","actief",1,"2021","2021-05-13",NULL
5536,"Vlaamse Ardennen Plus","ES3844","actief",1,"2019","2019-06-22",NULL
5714,"Vlaamse Ardennen Plus","ES3851","actief",1,"2020","2020-07-09",NULL
5280,"Vlaamse Ardennen Plus","ES3925","actief",1,"2020","2020-06-25",NULL
5386,"Vlaamse Ardennen Plus","ES3933","actief",1,"2021","2021-06-07",NULL
5277,"Vlaamse Ardennen Plus","ES4024","actief",1,"2019","2019-07-04",NULL
5385,"Vlaamse Ardennen Plus","ES4037","actief",1,"2019","2019-07-03",NULL
5535,"Vlaamse Ardennen Plus","ES4040","actief",1,"2021","2021-05-29",NULL
5384,"Vlaamse Ardennen Plus","ES4135","actief",1,"2019","2019-07-03",NULL
5383,"Vlaamse Ardennen Plus","ES4233","actief",0,"2020","2011-06-26",NULL
5534,"Vlaamse Ardennen Plus","ES4241","actief",0,"2019","2019-07-13",NULL
5533,"Vlaamse Ardennen Plus","ES4242","actief",0,"2020","2020-07-11",NULL
5165,"Vlaamse Ardennen Plus","ES4419","actief",1,"2021","2021-05-31",NULL
5382,"Vlaamse Ardennen Plus","ES4530","actief",1,"2019","2019-07-15",NULL
5276,"Vlaamse Ardennen Plus","ES4725","actief",0,"2019","2019-06-24",NULL
5275,"Vlaamse Ardennen Plus","ES4729","actief",1,"2020","2020-06-16",NULL
5381,"Vlaamse Ardennen Plus","ES4733","actief",1,"2021","2021-07-09",NULL
5273,"Vlaamse Ardennen Plus","ES4826","actief",1,"2019","2019-06-01",NULL
5274,"Vlaamse Ardennen Plus","ES4925","actief",1,"2019","2019-06-02",NULL
5531,"Vlaamse Ardennen Plus","ES4941","actief",1,"2019","2019-07-10",NULL
5272,"Vlaamse Ardennen Plus","ES5027","actief",1,"2021","2021-06-29",NULL
5529,"Vlaamse Ardennen Plus","ES5040","actief",1,"2021","2021-06-20",NULL
5528,"Vlaamse Ardennen Plus","ES5041","actief",1,"2020","2020-06-21",NULL
5271,"Vlaamse Ardennen Plus","ES5126","actief",1,"2021","2021-06-29",NULL
5270,"Vlaamse Ardennen Plus","ES5228","actief",0,"2020","2020-06-29",NULL
5380,"Vlaamse Ardennen Plus","ES5232","actief",1,"2021","2021-07-04",NULL
5379,"Vlaamse Ardennen Plus","ES5332","actief",1,"2020","2021-06-19","2021"
5378,"Vlaamse Ardennen Plus","ES5333","actief",1,"2020","2021-06-19","2021"
5527,"Vlaamse Ardennen Plus","ES5340","actief",1,"2019","2019-06-22",NULL
5269,"Vlaamse Ardennen Plus","ES5528","actief",1,"2020","2020-05-26",NULL
5268,"Vlaamse Ardennen Plus","ES5726","actief",1,"2019","2019-07-12",NULL
5377,"Vlaamse Ardennen Plus","ES5735","actief",1,"2019","2019-06-13",NULL
6039,"Voorkempen","FS0372","actief",1,"2020","2020-06-17",NULL
6191,"Voorkempen","FS0986","actief",1,"2019","2019-06-26",NULL
6036,"Voorkempen","FS1076","actief",1,"2020","2020-07-04",NULL
6188,"Voorkempen","FS1080","actief",1,"2019","2019-06-29",NULL
6187,"Voorkempen","FS1085","actief",1,"2020","2014-04-12","2021"
6186,"Voorkempen","FS1086","actief",1,"2020","2012-07-04","2021"
6185,"Voorkempen","FS1183","actief",1,"2021","2021-07-04",NULL
6184,"Voorkempen","FS1184","actief",0,"2021",NULL,NULL
6183,"Voorkempen","FS1381","actief",1,"2021","2020-06-25",NULL
6182,"Voorkempen","FS1482","actief",1,"2021","2021-06-16",NULL
6181,"Voorkempen","FS1483","actief",1,"2019","2019-06-30",NULL
6180,"Voorkempen","FS1682","actief",1,"2020","2014-05-04","2021"
6179,"Voorkempen","FS1787","actief",0,"2020",NULL,NULL
6178,"Voorkempen","FS1882","actief",1,"2019","2016-03-19","2021"
6177,"Voorkempen","FS1983","actief",1,"2021","2012-07-10",NULL
6175,"Voorkempen","FS2184","actief",0,"2021","2012-04-02",NULL
6190,"VWG Brecht","FS0888","actief",1,"2021","2021-06-27",NULL
6189,"VWG Brecht","FS0889","actief",1,"2021","2018-06-24",NULL
6296,"VWG Brecht","FS0890","actief",1,"2020","2020-06-25",NULL
6292,"VWG Brecht","FS0990","actief",1,"2019","2019-07-06",NULL
6295,"VWG Brecht","FS0991","actief",1,"2020","2020-06-09",NULL
6291,"VWG Brecht","FS1091","actief",1,"2019","2019-07-04",NULL
6290,"VWG Brecht","FS1092","actief",1,"2019","2019-04-24","2021"
6289,"VWG Brecht","FS1191","actief",1,"2021","2021-04-04",NULL
6288,"VWG Brecht","FS1292","actief",1,"2021","2021-06-01",NULL
5770,"Westkust","DS6859","actief",1,"2020","2017-06-13","2021"
5771,"Westkust","DS6953","actief",0,NULL,NULL,NULL
5769,"Westkust","DS6959","actief",1,"2020","2017-06-13","2021"
5948,"Westkust","DS6960","actief",1,"2020","2017-06-12","2021"
5587,"Westkust","DS7049","actief",0,NULL,NULL,NULL
5768,"Westkust","DS7054","actief",0,"2019",NULL,NULL
5767,"Westkust","DS7057","actief",0,"2019","2007-07-07",NULL
5766,"Westkust","DS7059","actief",1,"2020","2017-06-13","2021"
5947,"Westkust","DS7060","actief",1,"2019","2019-07-06",NULL
5946,"Westkust","DS7161","actief",1,"2021","2021-05-30",NULL
5585,"Westkust","DS7241","actief",0,"2021","2009-06-30",NULL
5584,"Westkust","DS7248","actief",0,NULL,NULL,NULL
5765,"Westkust","DS7253","actief",1,"2019",NULL,NULL
5945,"Westkust","DS7361","actief",1,"2019","2019-07-05",NULL
5944,"Westkust","DS7362","actief",1,"2020","2020-06-28",NULL
5583,"Westkust","DS7443","actief",0,NULL,NULL,NULL
5764,"Westkust","DS7453","actief",0,NULL,NULL,NULL
5763,"Westkust","DS7454","actief",0,NULL,NULL,NULL
5762,"Westkust","DS7556","actief",0,"2019","2015-03-15",NULL
5943,"Westkust","DS7563","actief",1,NULL,"2021-07-07",NULL
5942,"Westkust","DS7564","actief",1,"2019","2019-07-06",NULL
5582,"Westkust","DS7645","actief",0,"2020","2008-07-14",NULL
5941,"Westkust","DS7662","actief",1,"2019","2019-07-06",NULL
5940,"Westkust","DS7663","actief",1,"2020","2020-07-12",NULL
5939,"Westkust","DS7664","actief",1,"2020","2020-07-12",NULL
5761,"Westkust","DS7755","actief",0,"2019","2007-04-16",NULL
5938,"Westkust","DS7763","actief",1,"2021","2021-05-30",NULL
5937,"Westkust","DS7864","actief",1,"2021","2021-05-30",NULL
5936,"Westkust","DS7960","actief",1,"2019","2019-07-08",NULL
5760,"Westkust","DS8053","actief",0,NULL,NULL,NULL
5428,"Westland","DS7438","actief",1,"2020",NULL,"2021"
5427,"Westland","DS7536","actief",1,"2019",NULL,"2021"
5317,"Westland","DS7629","actief",0,NULL,NULL,NULL
5426,"Westland","DS7632","actief",0,NULL,NULL,NULL
5425,"Westland","DS7930","actief",0,NULL,NULL,NULL
5581,"Westland","DS7943","actief",0,"2021","2013-07-14",NULL
5580,"Westland","DS8044","actief",0,"2020","2014-06-27",NULL
5424,"Westland","DS8130","actief",0,NULL,NULL,NULL
5316,"Westland","DS8223","actief",0,NULL,NULL,NULL
5315,"Westland","DS8226","actief",0,"2020","2011-06-04",NULL
5423,"Westland","DS8230","actief",0,NULL,NULL,NULL
5422,"Westland","DS8232","actief",1,"2019","2016-06-18","2021"
5421,"Westland","DS8432","actief",1,"2020","2014-06-28","2021"
5314,"Westland","DS8521","actief",1,"2019","2019-06-20",NULL
5313,"Westland","DS8529","actief",1,"2020","2020-06-01",NULL
5312,"Westland","DS8629","actief",1,"2021","2021-06-10",NULL
5420,"Westland","DS8633","actief",1,"2021","2015-07-11",NULL
5311,"Westland","DS8722","actief",1,"2019","2019-06-01",NULL
5419,"Westland","DS8731","actief",1,"2019","2019-06-09",NULL
5167,"Westland","DS8818","actief",0,NULL,NULL,NULL
5310,"Westland","DS8827","actief",0,"2019",NULL,NULL
5309,"Westland","DS8828","actief",0,"2019","2015-06-01",NULL
5418,"Westland","DS8836","actief",0,NULL,NULL,NULL
5417,"Westland","DS8939","actief",0,NULL,NULL,NULL
5308,"Westland","DS9023","actief",0,NULL,NULL,NULL
5307,"Westland","DS9029","actief",0,"2019","2012-06-30",NULL
5416,"Westland","DS9030","actief",1,"2020","2020-06-07",NULL
5306,"Westland","DS9125","actief",0,NULL,NULL,NULL
5415,"Westland","DS9133","actief",0,"2019","2010-06-10",NULL
5414,"Westland","DS9135","actief",1,"2020","2020-06-12",NULL
5413,"Westland","DS9136","actief",0,"2021","2009-06-24",NULL
5412,"Westland","DS9236","actief",0,"2021",NULL,NULL
5304,"Westland","DS9324","actief",0,NULL,NULL,NULL
5411,"Westland","DS9331","actief",1,"2020","2020-06-07",NULL
5410,"Westland","DS9337","actief",0,"2019","2007-07-14",NULL
5409,"Westland","DS9434","actief",0,"2020","2015-07-03","2021"
5408,"Westland","DS9436","actief",0,NULL,NULL,NULL
5565,"Westland","DS9540","actief",1,"2020",NULL,"2021"
5303,"Westland","DS9828","actief",1,"2020","2008-05-31","2021"
5407,"Westland","DS9837","actief",1,"2020","2020-07-07","2021"
5406,"Westland","ES0033","actief",1,"2021","2020-07-07",NULL
5302,"Westland","ES0225","actief",1,NULL,NULL,NULL
5301,"Westland","ES0227","actief",0,"2020","2014-06-27",NULL
5300,"Westland","ES0229","actief",0,"2019","2013-07-13",NULL
5405,"Westland","ES0232","actief",0,"2020","2008-06-10",NULL
5404,"Westland","ES0334","actief",0,NULL,NULL,NULL
5403,"Westland","ES0338","actief",0,"2019","2010-07-14",NULL
5402,"Westland","ES0637","actief",0,"2021","2012-03-24",NULL
5558,"Westland","ES0646","actief",0,NULL,NULL,NULL
5401,"Westland","ES0735","actief",0,NULL,NULL,NULL
5557,"Westland","ES0742","actief",0,"2020",NULL,NULL
5556,"Westland","ES0744","actief",0,"2019",NULL,NULL
5863,"Wielewaal","FS0165","actief",1,"2020","2017-07-10","2021"
5861,"Wielewaal","FS0263","actief",1,"2020","2017-07-15","2021"
5860,"Wielewaal","FS0363","actief",1,"2020","2017-07-13","2021"
5859,"Wielewaal","FS0563","actief",1,"2021","2018-04-26",NULL
5858,"Wielewaal","FS0768","actief",1,"2020","2020-07-07",NULL
5857,"Wielewaal","FS0963","actief",1,"2019","2019-06-28",NULL
5856,"Wielewaal","FS0965","actief",1,"2021","2021-06-20",NULL
5855,"Wielewaal","FS1162","actief",1,"2020","2020-06-21",NULL
5854,"Wielewaal","FS1265","actief",1,"2021","2016-07-07",NULL
6035,"Wielewaal","FS1273","actief",1,"2020","2017-06-02","2021"
6034,"Wielewaal","FS1376","actief",1,"2021","2018-06-24",NULL
5853,"Wielewaal","FS1566","actief",1,"2020","2017-06-10","2021"
6033,"Wielewaal","FS1574","actief",1,"2019","2016-07-03","2021"
5852,"Wielewaal","FS1669","actief",1,"2021","2019-06-28",NULL
6031,"Wielewaal","FS2075","actief",1,"2021","2007-07-07",NULL
5299,"Zuid-West-Vlaanderen","ES0726","actief",1,"2021","2012-05-19",NULL
5298,"Zuid-West-Vlaanderen","ES0727","actief",1,"2021","2009-07-15",NULL
5297,"Zuid-West-Vlaanderen","ES0729","actief",1,"2021","2009-07-15",NULL
5296,"Zuid-West-Vlaanderen","ES0828","actief",1,"2021","2021-06-27",NULL
5400,"Zuid-West-Vlaanderen","ES0830","actief",1,"2021","2021-06-27",NULL
5399,"Zuid-West-Vlaanderen","ES1135","actief",1,"2019","2019-06-26",NULL
5295,"Zuid-West-Vlaanderen","ES1429","actief",1,"2021","2021-06-19",NULL
5398,"Zuid-West-Vlaanderen","ES1836","actief",1,"2019","2019-06-29",NULL
5294,"Zuid-West-Vlaanderen","ES1922","actief",1,"2021","2009-05-22",NULL
5293,"Zuid-West-Vlaanderen","ES1923","actief",1,"2020","2021-07-11","2021"
5397,"Zuid-West-Vlaanderen","ES2035","actief",1,"2019","2019-06-30",NULL
5292,"Zuid-West-Vlaanderen","ES2127","actief",1,"2019","2019-04-13","2021"
5396,"Zuid-West-Vlaanderen","ES2137","actief",1,"2020","2020-07-03",NULL
5395,"Zuid-West-Vlaanderen","ES2139","actief",1,"2021","2021-03-20",NULL
5291,"Zuid-West-Vlaanderen","ES2222","actief",1,"2019","2016-07-12","2021"
5290,"Zuid-West-Vlaanderen","ES2223","actief",1,"2019","2016-07-12","2021"
5394,"Zuid-West-Vlaanderen","ES2232","actief",1,"2020","2020-06-12",NULL
5393,"Zuid-West-Vlaanderen","ES2233","actief",1,"2019","2019-04-13","2021"
5289,"Zuid-West-Vlaanderen","ES2324","actief",1,"2020","2017-07-15","2021"
5392,"Zuid-West-Vlaanderen","ES2537","actief",1,"2020","2020-06-14",NULL
5288,"Zuid-West-Vlaanderen","ES2622","actief",1,"2019","2019-07-15",NULL
5391,"Zuid-West-Vlaanderen","ES2736","actief",1,"2021","2018-07-08",NULL
5286,"Zuid-West-Vlaanderen","ES2827","actief",1,"2019","2016-06-21","2021"
5287,"Zuid-West-Vlaanderen","ES2923","actief",1,"2019","2013-04-14","2021"
5281,"Zuid-West-Vlaanderen","ES3628","actief",1,"2020","2020-06-20",NULL
5369,NULL,"ES7234","niet actief",0,NULL,"2008-06-28",NULL
5155,NULL,"ES8119","niet actief",0,NULL,"2008-07-14",NULL
6226,NULL,"ES8681","niet actief",0,NULL,"2010-07-11",NULL
6224,NULL,"ES8781","niet actief",0,NULL,"2007-07-10",NULL
6222,NULL,"ES8981","niet actief",0,NULL,"2007-07-10",NULL
6054,NULL,"ES9578","niet actief",0,NULL,"2012-06-09",NULL
6053,NULL,"ES9579","niet actief",0,NULL,"2012-06-09",NULL
6317,NULL,"ES9794","niet actief",0,NULL,"2007-06-07",NULL
6341,NULL,"ET9601","niet actief",0,NULL,"2014-06-17",NULL
5511,NULL,"FS0240","niet actief",0,NULL,"2007-06-09",NULL
6293,NULL,"FS0999","actief",0,"2021","2009-06-01",NULL
5209,NULL,"FS1927","niet actief",0,NULL,"2009-07-10",NULL
6274,NULL,"FS2498","niet actief",0,NULL,"2016-03-01",NULL
5997,NULL,"FS5572","niet actief",0,NULL,"2007-04-15",NULL
5993,NULL,"FS5674","niet actief",0,NULL,"2007-07-08",NULL
5618,NULL,"FS7754","niet actief",0,NULL,"2011-06-28",NULL
